patient_id,recording_id,window_id,start_sec,end_sec,duration_sec,label,kmeans_k2,dbscan
chb01,chb01_03,0,0.0,4.0,4.0,0,1,-1
chb01,chb01_03,1,2.0,6.0,4.0,0,1,-1
chb01,chb01_03,2,4.0,8.0,4.0,0,0,-1
chb01,chb01_03,3,6.0,10.0,4.0,0,1,-1
chb01,chb01_03,4,8.0,12.0,4.0,0,1,-1
chb01,chb01_03,5,10.0,14.0,4.0,0,1,-1
chb01,chb01_03,6,12.0,16.0,4.0,0,1,-1
chb01,chb01_03,7,14.0,18.0,4.0,0,0,-1
chb01,chb01_03,8,16.0,20.0,4.0,0,0,-1
chb01,chb01_03,9,18.0,22.0,4.0,0,1,-1
chb01,chb01_03,10,20.0,24.0,4.0,0,1,-1
chb01,chb01_03,11,22.0,26.0,4.0,0,1,-1
chb01,chb01_03,12,24.0,28.0,4.0,0,1,-1
chb01,chb01_03,13,26.0,30.0,4.0,0,1,-1
chb01,chb01_03,14,28.0,32.0,4.0,0,1,-1
chb01,chb01_03,15,30.0,34.0,4.0,0,1,-1
chb01,chb01_03,16,32.0,36.0,4.0,0,1,-1
chb01,chb01_03,17,34.0,38.0,4.0,0,1,-1
chb01,chb01_03,18,36.0,40.0,4.0,0,1,-1
chb01,chb01_03,19,38.0,42.0,4.0,0,1,-1
chb01,chb01_03,20,40.0,44.0,4.0,0,1,-1
chb01,chb01_03,21,42.0,46.0,4.0,0,0,-1
chb01,chb01_03,22,44.0,48.0,4.0,0,0,-1
chb01,chb01_03,23,46.0,50.0,4.0,0,0,-1
chb01,chb01_03,24,48.0,52.0,4.0,0,0,-1
chb01,chb01_03,25,50.0,54.0,4.0,0,0,-1
chb01,chb01_03,26,52.0,56.0,4.0,0,0,-1
chb01,chb01_03,27,54.0,58.0,4.0,0,1,-1
chb01,chb01_03,28,56.0,60.0,4.0,0,1,-1
chb01,chb01_03,29,58.0,62.0,4.0,0,1,-1
chb01,chb01_03,30,60.0,64.0,4.0,0,1,-1
chb01,chb01_03,31,62.0,66.0,4.0,0,0,-1
chb01,chb01_03,32,64.0,68.0,4.0,0,0,-1
chb01,chb01_03,33,66.0,70.0,4.0,0,0,-1
chb01,chb01_03,34,68.0,72.0,4.0,0,0,-1
chb01,chb01_03,35,70.0,74.0,4.0,0,0,-1
chb01,chb01_03,36,72.0,76.0,4.0,0,0,-1
chb01,chb01_03,37,74.0,78.0,4.0,0,0,-1
chb01,chb01_03,38,76.0,80.0,4.0,0,0,-1
chb01,chb01_03,39,78.0,82.0,4.0,0,0,-1
chb01,chb01_03,40,80.0,84.0,4.0,0,0,-1
chb01,chb01_03,41,82.0,86.0,4.0,0,0,-1
chb01,chb01_03,42,84.0,88.0,4.0,0,0,-1
chb01,chb01_03,43,86.0,90.0,4.0,0,0,-1
chb01,chb01_03,44,88.0,92.0,4.0,0,0,-1
chb01,chb01_03,45,90.0,94.0,4.0,0,0,-1
chb01,chb01_03,46,92.0,96.0,4.0,0,0,-1
chb01,chb01_03,47,94.0,98.0,4.0,0,0,-1
chb01,chb01_03,48,96.0,100.0,4.0,0,0,-1
chb01,chb01_03,49,98.0,102.0,4.0,0,0,-1
chb01,chb01_03,50,100.0,104.0,4.0,0,0,-1
chb01,chb01_03,51,102.0,106.0,4.0,0,0,-1
chb01,chb01_03,52,104.0,108.0,4.0,0,0,-1
chb01,chb01_03,53,106.0,110.0,4.0,0,0,-1
chb01,chb01_03,54,108.0,112.0,4.0,0,0,-1
chb01,chb01_03,55,110.0,114.0,4.0,0,0,-1
chb01,chb01_03,56,112.0,116.0,4.0,0,0,-1
chb01,chb01_03,57,114.0,118.0,4.0,0,0,-1
chb01,chb01_03,58,116.0,120.0,4.0,0,0,-1
chb01,chb01_03,59,118.0,122.0,4.0,0,0,-1
chb01,chb01_03,60,120.0,124.0,4.0,0,0,-1
chb01,chb01_03,61,122.0,126.0,4.0,0,0,-1
chb01,chb01_03,62,124.0,128.0,4.0,0,0,-1
chb01,chb01_03,63,126.0,130.0,4.0,0,0,-1
chb01,chb01_03,64,128.0,132.0,4.0,0,0,-1
chb01,chb01_03,65,130.0,134.0,4.0,0,0,-1
chb01,chb01_03,66,132.0,136.0,4.0,0,1,-1
chb01,chb01_03,67,134.0,138.0,4.0,0,1,-1
chb01,chb01_03,68,136.0,140.0,4.0,0,1,-1
chb01,chb01_03,69,138.0,142.0,4.0,0,1,-1
chb01,chb01_03,70,140.0,144.0,4.0,0,1,-1
chb01,chb01_03,71,142.0,146.0,4.0,0,0,-1
chb01,chb01_03,72,144.0,148.0,4.0,0,0,-1
chb01,chb01_03,73,146.0,150.0,4.0,0,0,-1
chb01,chb01_03,74,148.0,152.0,4.0,0,1,-1
chb01,chb01_03,75,150.0,154.0,4.0,0,0,-1
chb01,chb01_03,76,152.0,156.0,4.0,0,0,-1
chb01,chb01_03,77,154.0,158.0,4.0,0,1,-1
chb01,chb01_03,78,156.0,160.0,4.0,0,1,-1
chb01,chb01_03,79,158.0,162.0,4.0,0,1,-1
chb01,chb01_03,80,160.0,164.0,4.0,0,1,-1
chb01,chb01_03,81,162.0,166.0,4.0,0,0,-1
chb01,chb01_03,82,164.0,168.0,4.0,0,0,-1
chb01,chb01_03,83,166.0,170.0,4.0,0,0,-1
chb01,chb01_03,84,168.0,172.0,4.0,0,0,-1
chb01,chb01_03,85,170.0,174.0,4.0,0,0,-1
chb01,chb01_03,86,172.0,176.0,4.0,0,1,-1
chb01,chb01_03,87,174.0,178.0,4.0,0,1,-1
chb01,chb01_03,88,176.0,180.0,4.0,0,1,-1
chb01,chb01_03,89,178.0,182.0,4.0,0,0,-1
chb01,chb01_03,90,180.0,184.0,4.0,0,1,-1
chb01,chb01_03,91,182.0,186.0,4.0,0,1,-1
chb01,chb01_03,92,184.0,188.0,4.0,0,0,-1
chb01,chb01_03,93,186.0,190.0,4.0,0,0,-1
chb01,chb01_03,94,188.0,192.0,4.0,0,1,-1
chb01,chb01_03,95,190.0,194.0,4.0,0,0,-1
chb01,chb01_03,96,192.0,196.0,4.0,0,0,-1
chb01,chb01_03,97,194.0,198.0,4.0,0,1,-1
chb01,chb01_03,98,196.0,200.0,4.0,0,0,-1
chb01,chb01_03,99,198.0,202.0,4.0,0,0,-1
chb01,chb01_03,100,200.0,204.0,4.0,0,1,-1
chb01,chb01_03,101,202.0,206.0,4.0,0,1,-1
chb01,chb01_03,102,204.0,208.0,4.0,0,0,-1
chb01,chb01_03,103,206.0,210.0,4.0,0,0,-1
chb01,chb01_03,104,208.0,212.0,4.0,0,0,-1
chb01,chb01_03,105,210.0,214.0,4.0,0,0,-1
chb01,chb01_03,106,212.0,216.0,4.0,0,0,-1
chb01,chb01_03,107,214.0,218.0,4.0,0,0,-1
chb01,chb01_03,108,216.0,220.0,4.0,0,0,-1
chb01,chb01_03,109,218.0,222.0,4.0,0,1,-1
chb01,chb01_03,110,220.0,224.0,4.0,0,0,-1
chb01,chb01_03,111,222.0,226.0,4.0,0,0,-1
chb01,chb01_03,112,224.0,228.0,4.0,0,0,-1
chb01,chb01_03,113,226.0,230.0,4.0,0,1,-1
chb01,chb01_03,114,228.0,232.0,4.0,0,1,-1
chb01,chb01_03,115,230.0,234.0,4.0,0,0,-1
chb01,chb01_03,116,232.0,236.0,4.0,0,0,-1
chb01,chb01_03,117,234.0,238.0,4.0,0,0,-1
chb01,chb01_03,118,236.0,240.0,4.0,0,1,-1
chb01,chb01_03,119,238.0,242.0,4.0,0,1,-1
chb01,chb01_03,120,240.0,244.0,4.0,0,0,-1
chb01,chb01_03,121,242.0,246.0,4.0,0,0,-1
chb01,chb01_03,122,244.0,248.0,4.0,0,0,-1
chb01,chb01_03,123,246.0,250.0,4.0,0,0,-1
chb01,chb01_03,124,248.0,252.0,4.0,0,0,-1
chb01,chb01_03,125,250.0,254.0,4.0,0,0,-1
chb01,chb01_03,126,252.0,256.0,4.0,0,0,-1
chb01,chb01_03,127,254.0,258.0,4.0,0,1,-1
chb01,chb01_03,128,256.0,260.0,4.0,0,1,-1
chb01,chb01_03,129,258.0,262.0,4.0,0,1,-1
chb01,chb01_03,130,260.0,264.0,4.0,0,1,-1
chb01,chb01_03,131,262.0,266.0,4.0,0,1,-1
chb01,chb01_03,132,264.0,268.0,4.0,0,0,-1
chb01,chb01_03,133,266.0,270.0,4.0,0,0,-1
chb01,chb01_03,134,268.0,272.0,4.0,0,1,-1
chb01,chb01_03,135,270.0,274.0,4.0,0,1,-1
chb01,chb01_03,136,272.0,276.0,4.0,0,1,-1
chb01,chb01_03,137,274.0,278.0,4.0,0,1,-1
chb01,chb01_03,138,276.0,280.0,4.0,0,1,-1
chb01,chb01_03,139,278.0,282.0,4.0,0,1,-1
chb01,chb01_03,140,280.0,284.0,4.0,0,1,-1
chb01,chb01_03,141,282.0,286.0,4.0,0,1,-1
chb01,chb01_03,142,284.0,288.0,4.0,0,1,-1
chb01,chb01_03,143,286.0,290.0,4.0,0,1,-1
chb01,chb01_03,144,288.0,292.0,4.0,0,1,-1
chb01,chb01_03,145,290.0,294.0,4.0,0,1,-1
chb01,chb01_03,146,292.0,296.0,4.0,0,1,-1
chb01,chb01_03,147,294.0,298.0,4.0,0,1,-1
chb01,chb01_03,148,296.0,300.0,4.0,0,1,-1
chb01,chb01_03,149,298.0,302.0,4.0,0,1,-1
chb01,chb01_03,150,300.0,304.0,4.0,0,1,-1
chb01,chb01_03,151,302.0,306.0,4.0,0,0,-1
chb01,chb01_03,152,304.0,308.0,4.0,0,1,-1
chb01,chb01_03,153,306.0,310.0,4.0,0,1,-1
chb01,chb01_03,154,308.0,312.0,4.0,0,1,-1
chb01,chb01_03,155,310.0,314.0,4.0,0,1,-1
chb01,chb01_03,156,312.0,316.0,4.0,0,1,-1
chb01,chb01_03,157,314.0,318.0,4.0,0,1,-1
chb01,chb01_03,158,316.0,320.0,4.0,0,1,-1
chb01,chb01_03,159,318.0,322.0,4.0,0,1,-1
chb01,chb01_03,160,320.0,324.0,4.0,0,1,-1
chb01,chb01_03,161,322.0,326.0,4.0,0,1,-1
chb01,chb01_03,162,324.0,328.0,4.0,0,1,-1
chb01,chb01_03,163,326.0,330.0,4.0,0,1,-1
chb01,chb01_03,164,328.0,332.0,4.0,0,1,-1
chb01,chb01_03,165,330.0,334.0,4.0,0,1,-1
chb01,chb01_03,166,332.0,336.0,4.0,0,1,-1
chb01,chb01_03,167,334.0,338.0,4.0,0,1,-1
chb01,chb01_03,168,336.0,340.0,4.0,0,1,-1
chb01,chb01_03,169,338.0,342.0,4.0,0,1,-1
chb01,chb01_03,170,340.0,344.0,4.0,0,1,-1
chb01,chb01_03,171,342.0,346.0,4.0,0,1,-1
chb01,chb01_03,172,344.0,348.0,4.0,0,1,-1
chb01,chb01_03,173,346.0,350.0,4.0,0,1,-1
chb01,chb01_03,174,348.0,352.0,4.0,0,1,-1
chb01,chb01_03,175,350.0,354.0,4.0,0,1,-1
chb01,chb01_03,176,352.0,356.0,4.0,0,1,-1
chb01,chb01_03,177,354.0,358.0,4.0,0,1,-1
chb01,chb01_03,178,356.0,360.0,4.0,0,0,-1
chb01,chb01_03,179,358.0,362.0,4.0,0,0,-1
chb01,chb01_03,180,360.0,364.0,4.0,0,0,-1
chb01,chb01_03,181,362.0,366.0,4.0,0,0,-1
chb01,chb01_03,182,364.0,368.0,4.0,0,0,-1
chb01,chb01_03,183,366.0,370.0,4.0,0,1,-1
chb01,chb01_03,184,368.0,372.0,4.0,0,1,-1
chb01,chb01_03,185,370.0,374.0,4.0,0,0,-1
chb01,chb01_03,186,372.0,376.0,4.0,0,1,-1
chb01,chb01_03,187,374.0,378.0,4.0,0,1,-1
chb01,chb01_03,188,376.0,380.0,4.0,0,1,-1
chb01,chb01_03,189,378.0,382.0,4.0,0,1,-1
chb01,chb01_03,190,380.0,384.0,4.0,0,1,-1
chb01,chb01_03,191,382.0,386.0,4.0,0,1,-1
chb01,chb01_03,192,384.0,388.0,4.0,0,1,-1
chb01,chb01_03,193,386.0,390.0,4.0,0,1,-1
chb01,chb01_03,194,388.0,392.0,4.0,0,1,-1
chb01,chb01_03,195,390.0,394.0,4.0,0,0,-1
chb01,chb01_03,196,392.0,396.0,4.0,0,1,-1
chb01,chb01_03,197,394.0,398.0,4.0,0,1,-1
chb01,chb01_03,198,396.0,400.0,4.0,0,1,-1
chb01,chb01_03,199,398.0,402.0,4.0,0,1,-1
chb01,chb01_03,200,400.0,404.0,4.0,0,1,-1
chb01,chb01_03,201,402.0,406.0,4.0,0,1,-1
chb01,chb01_03,202,404.0,408.0,4.0,0,1,-1
chb01,chb01_03,203,406.0,410.0,4.0,0,1,-1
chb01,chb01_03,204,408.0,412.0,4.0,0,1,-1
chb01,chb01_03,205,410.0,414.0,4.0,0,1,-1
chb01,chb01_03,206,412.0,416.0,4.0,0,1,-1
chb01,chb01_03,207,414.0,418.0,4.0,0,1,-1
chb01,chb01_03,208,416.0,420.0,4.0,0,1,-1
chb01,chb01_03,209,418.0,422.0,4.0,0,1,-1
chb01,chb01_03,210,420.0,424.0,4.0,0,1,-1
chb01,chb01_03,211,422.0,426.0,4.0,0,1,-1
chb01,chb01_03,212,424.0,428.0,4.0,0,1,-1
chb01,chb01_03,213,426.0,430.0,4.0,0,1,-1
chb01,chb01_03,214,428.0,432.0,4.0,0,1,-1
chb01,chb01_03,215,430.0,434.0,4.0,0,1,-1
chb01,chb01_03,216,432.0,436.0,4.0,0,1,-1
chb01,chb01_03,217,434.0,438.0,4.0,0,1,-1
chb01,chb01_03,218,436.0,440.0,4.0,0,1,-1
chb01,chb01_03,219,438.0,442.0,4.0,0,1,-1
chb01,chb01_03,220,440.0,444.0,4.0,0,1,-1
chb01,chb01_03,221,442.0,446.0,4.0,0,1,-1
chb01,chb01_03,222,444.0,448.0,4.0,0,1,-1
chb01,chb01_03,223,446.0,450.0,4.0,0,1,-1
chb01,chb01_03,224,448.0,452.0,4.0,0,0,-1
chb01,chb01_03,225,450.0,454.0,4.0,0,1,-1
chb01,chb01_03,226,452.0,456.0,4.0,0,1,-1
chb01,chb01_03,227,454.0,458.0,4.0,0,1,-1
chb01,chb01_03,228,456.0,460.0,4.0,0,1,-1
chb01,chb01_03,229,458.0,462.0,4.0,0,1,-1
chb01,chb01_03,230,460.0,464.0,4.0,0,1,-1
chb01,chb01_03,231,462.0,466.0,4.0,0,1,-1
chb01,chb01_03,232,464.0,468.0,4.0,0,1,-1
chb01,chb01_03,233,466.0,470.0,4.0,0,1,-1
chb01,chb01_03,234,468.0,472.0,4.0,0,1,-1
chb01,chb01_03,235,470.0,474.0,4.0,0,1,-1
chb01,chb01_03,236,472.0,476.0,4.0,0,1,-1
chb01,chb01_03,237,474.0,478.0,4.0,0,1,-1
chb01,chb01_03,238,476.0,480.0,4.0,0,1,-1
chb01,chb01_03,239,478.0,482.0,4.0,0,1,-1
chb01,chb01_03,240,480.0,484.0,4.0,0,1,-1
chb01,chb01_03,241,482.0,486.0,4.0,0,1,-1
chb01,chb01_03,242,484.0,488.0,4.0,0,1,-1
chb01,chb01_03,243,486.0,490.0,4.0,0,1,-1
chb01,chb01_03,244,488.0,492.0,4.0,0,1,-1
chb01,chb01_03,245,490.0,494.0,4.0,0,1,-1
chb01,chb01_03,246,492.0,496.0,4.0,0,1,-1
chb01,chb01_03,247,494.0,498.0,4.0,0,1,-1
chb01,chb01_03,248,496.0,500.0,4.0,0,1,-1
chb01,chb01_03,249,498.0,502.0,4.0,0,0,-1
chb01,chb01_03,250,500.0,504.0,4.0,0,1,-1
chb01,chb01_03,251,502.0,506.0,4.0,0,1,-1
chb01,chb01_03,252,504.0,508.0,4.0,0,1,-1
chb01,chb01_03,253,506.0,510.0,4.0,0,1,-1
chb01,chb01_03,254,508.0,512.0,4.0,0,1,-1
chb01,chb01_03,255,510.0,514.0,4.0,0,1,-1
chb01,chb01_03,256,512.0,516.0,4.0,0,1,-1
chb01,chb01_03,257,514.0,518.0,4.0,0,1,-1
chb01,chb01_03,258,516.0,520.0,4.0,0,1,-1
chb01,chb01_03,259,518.0,522.0,4.0,0,1,-1
chb01,chb01_03,260,520.0,524.0,4.0,0,1,-1
chb01,chb01_03,261,522.0,526.0,4.0,0,1,-1
chb01,chb01_03,262,524.0,528.0,4.0,0,1,-1
chb01,chb01_03,263,526.0,530.0,4.0,0,1,-1
chb01,chb01_03,264,528.0,532.0,4.0,0,1,-1
chb01,chb01_03,265,530.0,534.0,4.0,0,1,-1
chb01,chb01_03,266,532.0,536.0,4.0,0,1,-1
chb01,chb01_03,267,534.0,538.0,4.0,0,1,-1
chb01,chb01_03,268,536.0,540.0,4.0,0,1,-1
chb01,chb01_03,269,538.0,542.0,4.0,0,1,-1
chb01,chb01_03,270,540.0,544.0,4.0,0,1,-1
chb01,chb01_03,271,542.0,546.0,4.0,0,1,-1
chb01,chb01_03,272,544.0,548.0,4.0,0,1,-1
chb01,chb01_03,273,546.0,550.0,4.0,0,1,-1
chb01,chb01_03,274,548.0,552.0,4.0,0,1,-1
chb01,chb01_03,275,550.0,554.0,4.0,0,1,-1
chb01,chb01_03,276,552.0,556.0,4.0,0,1,-1
chb01,chb01_03,277,554.0,558.0,4.0,0,1,-1
chb01,chb01_03,278,556.0,560.0,4.0,0,1,-1
chb01,chb01_03,279,558.0,562.0,4.0,0,1,-1
chb01,chb01_03,280,560.0,564.0,4.0,0,1,-1
chb01,chb01_03,281,562.0,566.0,4.0,0,0,-1
chb01,chb01_03,282,564.0,568.0,4.0,0,0,-1
chb01,chb01_03,283,566.0,570.0,4.0,0,1,-1
chb01,chb01_03,284,568.0,572.0,4.0,0,1,-1
chb01,chb01_03,285,570.0,574.0,4.0,0,1,-1
chb01,chb01_03,286,572.0,576.0,4.0,0,1,-1
chb01,chb01_03,287,574.0,578.0,4.0,0,1,-1
chb01,chb01_03,288,576.0,580.0,4.0,0,1,-1
chb01,chb01_03,289,578.0,582.0,4.0,0,1,-1
chb01,chb01_03,290,580.0,584.0,4.0,0,1,-1
chb01,chb01_03,291,582.0,586.0,4.0,0,1,-1
chb01,chb01_03,292,584.0,588.0,4.0,0,1,-1
chb01,chb01_03,293,586.0,590.0,4.0,0,1,-1
chb01,chb01_03,294,588.0,592.0,4.0,0,1,-1
chb01,chb01_03,295,590.0,594.0,4.0,0,0,-1
chb01,chb01_03,296,592.0,596.0,4.0,0,1,-1
chb01,chb01_03,297,594.0,598.0,4.0,0,1,-1
chb01,chb01_03,298,596.0,600.0,4.0,0,1,-1
chb01,chb01_03,299,598.0,602.0,4.0,0,1,-1
chb01,chb01_03,300,600.0,604.0,4.0,0,1,-1
chb01,chb01_03,301,602.0,606.0,4.0,0,1,-1
chb01,chb01_03,302,604.0,608.0,4.0,0,1,-1
chb01,chb01_03,303,606.0,610.0,4.0,0,1,-1
chb01,chb01_03,304,608.0,612.0,4.0,0,1,-1
chb01,chb01_03,305,610.0,614.0,4.0,0,1,-1
chb01,chb01_03,306,612.0,616.0,4.0,0,1,-1
chb01,chb01_03,307,614.0,618.0,4.0,0,1,-1
chb01,chb01_03,308,616.0,620.0,4.0,0,1,-1
chb01,chb01_03,309,618.0,622.0,4.0,0,1,-1
chb01,chb01_03,310,620.0,624.0,4.0,0,1,-1
chb01,chb01_03,311,622.0,626.0,4.0,0,1,-1
chb01,chb01_03,312,624.0,628.0,4.0,0,1,-1
chb01,chb01_03,313,626.0,630.0,4.0,0,1,-1
chb01,chb01_03,314,628.0,632.0,4.0,0,1,-1
chb01,chb01_03,315,630.0,634.0,4.0,0,1,-1
chb01,chb01_03,316,632.0,636.0,4.0,0,1,-1
chb01,chb01_03,317,634.0,638.0,4.0,0,1,-1
chb01,chb01_03,318,636.0,640.0,4.0,0,1,-1
chb01,chb01_03,319,638.0,642.0,4.0,0,1,-1
chb01,chb01_03,320,640.0,644.0,4.0,0,1,-1
chb01,chb01_03,321,642.0,646.0,4.0,0,1,-1
chb01,chb01_03,322,644.0,648.0,4.0,0,1,-1
chb01,chb01_03,323,646.0,650.0,4.0,0,1,-1
chb01,chb01_03,324,648.0,652.0,4.0,0,1,-1
chb01,chb01_03,325,650.0,654.0,4.0,0,1,-1
chb01,chb01_03,326,652.0,656.0,4.0,0,1,-1
chb01,chb01_03,327,654.0,658.0,4.0,0,1,-1
chb01,chb01_03,328,656.0,660.0,4.0,0,1,-1
chb01,chb01_03,329,658.0,662.0,4.0,0,1,-1
chb01,chb01_03,330,660.0,664.0,4.0,0,1,-1
chb01,chb01_03,331,662.0,666.0,4.0,0,1,-1
chb01,chb01_03,332,664.0,668.0,4.0,0,1,-1
chb01,chb01_03,333,666.0,670.0,4.0,0,1,-1
chb01,chb01_03,334,668.0,672.0,4.0,0,1,-1
chb01,chb01_03,335,670.0,674.0,4.0,0,1,-1
chb01,chb01_03,336,672.0,676.0,4.0,0,1,-1
chb01,chb01_03,337,674.0,678.0,4.0,0,1,-1
chb01,chb01_03,338,676.0,680.0,4.0,0,1,-1
chb01,chb01_03,339,678.0,682.0,4.0,0,1,-1
chb01,chb01_03,340,680.0,684.0,4.0,0,1,-1
chb01,chb01_03,341,682.0,686.0,4.0,0,1,-1
chb01,chb01_03,342,684.0,688.0,4.0,0,1,-1
chb01,chb01_03,343,686.0,690.0,4.0,0,1,-1
chb01,chb01_03,344,688.0,692.0,4.0,0,1,-1
chb01,chb01_03,345,690.0,694.0,4.0,0,1,-1
chb01,chb01_03,346,692.0,696.0,4.0,0,1,-1
chb01,chb01_03,347,694.0,698.0,4.0,0,1,-1
chb01,chb01_03,348,696.0,700.0,4.0,0,1,-1
chb01,chb01_03,349,698.0,702.0,4.0,0,1,-1
chb01,chb01_03,350,700.0,704.0,4.0,0,1,-1
chb01,chb01_03,351,702.0,706.0,4.0,0,1,-1
chb01,chb01_03,352,704.0,708.0,4.0,0,1,-1
chb01,chb01_03,353,706.0,710.0,4.0,0,1,-1
chb01,chb01_03,354,708.0,712.0,4.0,0,1,-1
chb01,chb01_03,355,710.0,714.0,4.0,0,1,-1
chb01,chb01_03,356,712.0,716.0,4.0,0,1,-1
chb01,chb01_03,357,714.0,718.0,4.0,0,1,-1
chb01,chb01_03,358,716.0,720.0,4.0,0,1,-1
chb01,chb01_03,359,718.0,722.0,4.0,0,1,-1
chb01,chb01_03,360,720.0,724.0,4.0,0,1,-1
chb01,chb01_03,361,722.0,726.0,4.0,0,1,-1
chb01,chb01_03,362,724.0,728.0,4.0,0,1,-1
chb01,chb01_03,363,726.0,730.0,4.0,0,1,-1
chb01,chb01_03,364,728.0,732.0,4.0,0,1,-1
chb01,chb01_03,365,730.0,734.0,4.0,0,1,-1
chb01,chb01_03,366,732.0,736.0,4.0,0,1,-1
chb01,chb01_03,367,734.0,738.0,4.0,0,1,-1
chb01,chb01_03,368,736.0,740.0,4.0,0,1,-1
chb01,chb01_03,369,738.0,742.0,4.0,0,1,-1
chb01,chb01_03,370,740.0,744.0,4.0,0,1,-1
chb01,chb01_03,371,742.0,746.0,4.0,0,1,-1
chb01,chb01_03,372,744.0,748.0,4.0,0,1,-1
chb01,chb01_03,373,746.0,750.0,4.0,0,1,-1
chb01,chb01_03,374,748.0,752.0,4.0,0,1,-1
chb01,chb01_03,375,750.0,754.0,4.0,0,1,-1
chb01,chb01_03,376,752.0,756.0,4.0,0,1,-1
chb01,chb01_03,377,754.0,758.0,4.0,0,1,-1
chb01,chb01_03,378,756.0,760.0,4.0,0,1,-1
chb01,chb01_03,379,758.0,762.0,4.0,0,1,-1
chb01,chb01_03,380,760.0,764.0,4.0,0,1,-1
chb01,chb01_03,381,762.0,766.0,4.0,0,1,-1
chb01,chb01_03,382,764.0,768.0,4.0,0,1,-1
chb01,chb01_03,383,766.0,770.0,4.0,0,1,-1
chb01,chb01_03,384,768.0,772.0,4.0,0,1,-1
chb01,chb01_03,385,770.0,774.0,4.0,0,1,-1
chb01,chb01_03,386,772.0,776.0,4.0,0,1,-1
chb01,chb01_03,387,774.0,778.0,4.0,0,1,-1
chb01,chb01_03,388,776.0,780.0,4.0,0,1,-1
chb01,chb01_03,389,778.0,782.0,4.0,0,1,-1
chb01,chb01_03,390,780.0,784.0,4.0,0,1,-1
chb01,chb01_03,391,782.0,786.0,4.0,0,1,-1
chb01,chb01_03,392,784.0,788.0,4.0,0,1,-1
chb01,chb01_03,393,786.0,790.0,4.0,0,1,-1
chb01,chb01_03,394,788.0,792.0,4.0,0,1,-1
chb01,chb01_03,395,790.0,794.0,4.0,0,1,-1
chb01,chb01_03,396,792.0,796.0,4.0,0,1,-1
chb01,chb01_03,397,794.0,798.0,4.0,0,1,-1
chb01,chb01_03,398,796.0,800.0,4.0,0,1,-1
chb01,chb01_03,399,798.0,802.0,4.0,0,1,-1
chb01,chb01_03,400,800.0,804.0,4.0,0,1,-1
chb01,chb01_03,401,802.0,806.0,4.0,0,1,-1
chb01,chb01_03,402,804.0,808.0,4.0,0,1,-1
chb01,chb01_03,403,806.0,810.0,4.0,0,1,-1
chb01,chb01_03,404,808.0,812.0,4.0,0,1,-1
chb01,chb01_03,405,810.0,814.0,4.0,0,1,-1
chb01,chb01_03,406,812.0,816.0,4.0,0,1,-1
chb01,chb01_03,407,814.0,818.0,4.0,0,1,-1
chb01,chb01_03,408,816.0,820.0,4.0,0,1,-1
chb01,chb01_03,409,818.0,822.0,4.0,0,1,-1
chb01,chb01_03,410,820.0,824.0,4.0,0,1,-1
chb01,chb01_03,411,822.0,826.0,4.0,0,1,-1
chb01,chb01_03,412,824.0,828.0,4.0,0,1,-1
chb01,chb01_03,413,826.0,830.0,4.0,0,1,-1
chb01,chb01_03,414,828.0,832.0,4.0,0,1,-1
chb01,chb01_03,415,830.0,834.0,4.0,0,1,-1
chb01,chb01_03,416,832.0,836.0,4.0,0,1,-1
chb01,chb01_03,417,834.0,838.0,4.0,0,1,-1
chb01,chb01_03,418,836.0,840.0,4.0,0,1,-1
chb01,chb01_03,419,838.0,842.0,4.0,0,1,-1
chb01,chb01_03,420,840.0,844.0,4.0,0,1,-1
chb01,chb01_03,421,842.0,846.0,4.0,0,1,-1
chb01,chb01_03,422,844.0,848.0,4.0,0,1,-1
chb01,chb01_03,423,846.0,850.0,4.0,0,1,-1
chb01,chb01_03,424,848.0,852.0,4.0,0,1,-1
chb01,chb01_03,425,850.0,854.0,4.0,0,1,-1
chb01,chb01_03,426,852.0,856.0,4.0,0,1,-1
chb01,chb01_03,427,854.0,858.0,4.0,0,1,-1
chb01,chb01_03,428,856.0,860.0,4.0,0,1,-1
chb01,chb01_03,429,858.0,862.0,4.0,0,1,-1
chb01,chb01_03,430,860.0,864.0,4.0,0,1,-1
chb01,chb01_03,431,862.0,866.0,4.0,0,1,-1
chb01,chb01_03,432,864.0,868.0,4.0,0,0,-1
chb01,chb01_03,433,866.0,870.0,4.0,0,0,-1
chb01,chb01_03,434,868.0,872.0,4.0,0,1,-1
chb01,chb01_03,435,870.0,874.0,4.0,0,1,-1
chb01,chb01_03,436,872.0,876.0,4.0,0,1,-1
chb01,chb01_03,437,874.0,878.0,4.0,0,1,-1
chb01,chb01_03,438,876.0,880.0,4.0,0,1,-1
chb01,chb01_03,439,878.0,882.0,4.0,0,1,-1
chb01,chb01_03,440,880.0,884.0,4.0,0,1,-1
chb01,chb01_03,441,882.0,886.0,4.0,0,1,-1
chb01,chb01_03,442,884.0,888.0,4.0,0,1,-1
chb01,chb01_03,443,886.0,890.0,4.0,0,1,-1
chb01,chb01_03,444,888.0,892.0,4.0,0,1,-1
chb01,chb01_03,445,890.0,894.0,4.0,0,1,-1
chb01,chb01_03,446,892.0,896.0,4.0,0,1,-1
chb01,chb01_03,447,894.0,898.0,4.0,0,1,-1
chb01,chb01_03,448,896.0,900.0,4.0,0,1,-1
chb01,chb01_03,449,898.0,902.0,4.0,0,1,-1
chb01,chb01_03,450,900.0,904.0,4.0,0,1,-1
chb01,chb01_03,451,902.0,906.0,4.0,0,1,-1
chb01,chb01_03,452,904.0,908.0,4.0,0,1,-1
chb01,chb01_03,453,906.0,910.0,4.0,0,1,-1
chb01,chb01_03,454,908.0,912.0,4.0,0,1,-1
chb01,chb01_03,455,910.0,914.0,4.0,0,1,-1
chb01,chb01_03,456,912.0,916.0,4.0,0,1,-1
chb01,chb01_03,457,914.0,918.0,4.0,0,1,-1
chb01,chb01_03,458,916.0,920.0,4.0,0,1,-1
chb01,chb01_03,459,918.0,922.0,4.0,0,1,-1
chb01,chb01_03,460,920.0,924.0,4.0,0,1,-1
chb01,chb01_03,461,922.0,926.0,4.0,0,1,-1
chb01,chb01_03,462,924.0,928.0,4.0,0,1,-1
chb01,chb01_03,463,926.0,930.0,4.0,0,1,-1
chb01,chb01_03,464,928.0,932.0,4.0,0,1,-1
chb01,chb01_03,465,930.0,934.0,4.0,0,1,-1
chb01,chb01_03,466,932.0,936.0,4.0,0,1,-1
chb01,chb01_03,467,934.0,938.0,4.0,0,1,-1
chb01,chb01_03,468,936.0,940.0,4.0,0,1,-1
chb01,chb01_03,469,938.0,942.0,4.0,0,1,-1
chb01,chb01_03,470,940.0,944.0,4.0,0,1,-1
chb01,chb01_03,471,942.0,946.0,4.0,0,1,-1
chb01,chb01_03,472,944.0,948.0,4.0,0,1,-1
chb01,chb01_03,473,946.0,950.0,4.0,0,1,-1
chb01,chb01_03,474,948.0,952.0,4.0,0,1,-1
chb01,chb01_03,475,950.0,954.0,4.0,0,1,-1
chb01,chb01_03,476,952.0,956.0,4.0,0,1,-1
chb01,chb01_03,477,954.0,958.0,4.0,0,1,-1
chb01,chb01_03,478,956.0,960.0,4.0,0,1,-1
chb01,chb01_03,479,958.0,962.0,4.0,0,1,-1
chb01,chb01_03,480,960.0,964.0,4.0,0,1,-1
chb01,chb01_03,481,962.0,966.0,4.0,0,1,-1
chb01,chb01_03,482,964.0,968.0,4.0,0,1,-1
chb01,chb01_03,483,966.0,970.0,4.0,0,1,-1
chb01,chb01_03,484,968.0,972.0,4.0,0,1,-1
chb01,chb01_03,485,970.0,974.0,4.0,0,1,-1
chb01,chb01_03,486,972.0,976.0,4.0,0,1,-1
chb01,chb01_03,487,974.0,978.0,4.0,0,1,-1
chb01,chb01_03,488,976.0,980.0,4.0,0,1,-1
chb01,chb01_03,489,978.0,982.0,4.0,0,1,-1
chb01,chb01_03,490,980.0,984.0,4.0,0,1,-1
chb01,chb01_03,491,982.0,986.0,4.0,0,1,-1
chb01,chb01_03,492,984.0,988.0,4.0,0,1,-1
chb01,chb01_03,493,986.0,990.0,4.0,0,1,-1
chb01,chb01_03,494,988.0,992.0,4.0,0,1,-1
chb01,chb01_03,495,990.0,994.0,4.0,0,1,-1
chb01,chb01_03,496,992.0,996.0,4.0,0,1,-1
chb01,chb01_03,497,994.0,998.0,4.0,0,1,-1
chb01,chb01_03,498,996.0,1000.0,4.0,0,1,-1
chb01,chb01_03,499,998.0,1002.0,4.0,0,1,-1
chb01,chb01_03,500,1000.0,1004.0,4.0,0,1,-1
chb01,chb01_03,501,1002.0,1006.0,4.0,0,1,-1
chb01,chb01_03,502,1004.0,1008.0,4.0,0,1,-1
chb01,chb01_03,503,1006.0,1010.0,4.0,0,1,-1
chb01,chb01_03,504,1008.0,1012.0,4.0,0,1,-1
chb01,chb01_03,505,1010.0,1014.0,4.0,0,1,-1
chb01,chb01_03,506,1012.0,1016.0,4.0,0,1,-1
chb01,chb01_03,507,1014.0,1018.0,4.0,0,1,-1
chb01,chb01_03,508,1016.0,1020.0,4.0,0,1,-1
chb01,chb01_03,509,1018.0,1022.0,4.0,0,1,-1
chb01,chb01_03,510,1020.0,1024.0,4.0,0,1,-1
chb01,chb01_03,511,1022.0,1026.0,4.0,0,1,-1
chb01,chb01_03,512,1024.0,1028.0,4.0,0,1,-1
chb01,chb01_03,513,1026.0,1030.0,4.0,0,1,-1
chb01,chb01_03,514,1028.0,1032.0,4.0,0,1,-1
chb01,chb01_03,515,1030.0,1034.0,4.0,0,1,-1
chb01,chb01_03,516,1032.0,1036.0,4.0,0,0,-1
chb01,chb01_03,517,1034.0,1038.0,4.0,0,1,-1
chb01,chb01_03,518,1036.0,1040.0,4.0,0,1,-1
chb01,chb01_03,519,1038.0,1042.0,4.0,0,1,-1
chb01,chb01_03,520,1040.0,1044.0,4.0,0,0,-1
chb01,chb01_03,521,1042.0,1046.0,4.0,0,1,-1
chb01,chb01_03,522,1044.0,1048.0,4.0,0,1,-1
chb01,chb01_03,523,1046.0,1050.0,4.0,0,1,-1
chb01,chb01_03,524,1048.0,1052.0,4.0,0,1,-1
chb01,chb01_03,525,1050.0,1054.0,4.0,0,1,-1
chb01,chb01_03,526,1052.0,1056.0,4.0,0,1,-1
chb01,chb01_03,527,1054.0,1058.0,4.0,0,1,-1
chb01,chb01_03,528,1056.0,1060.0,4.0,0,1,-1
chb01,chb01_03,529,1058.0,1062.0,4.0,0,1,-1
chb01,chb01_03,530,1060.0,1064.0,4.0,0,1,-1
chb01,chb01_03,531,1062.0,1066.0,4.0,0,1,-1
chb01,chb01_03,532,1064.0,1068.0,4.0,0,1,-1
chb01,chb01_03,533,1066.0,1070.0,4.0,0,1,-1
chb01,chb01_03,534,1068.0,1072.0,4.0,0,1,-1
chb01,chb01_03,535,1070.0,1074.0,4.0,0,1,-1
chb01,chb01_03,536,1072.0,1076.0,4.0,0,1,-1
chb01,chb01_03,537,1074.0,1078.0,4.0,0,1,-1
chb01,chb01_03,538,1076.0,1080.0,4.0,0,1,-1
chb01,chb01_03,539,1078.0,1082.0,4.0,0,1,-1
chb01,chb01_03,540,1080.0,1084.0,4.0,0,1,-1
chb01,chb01_03,541,1082.0,1086.0,4.0,0,1,-1
chb01,chb01_03,542,1084.0,1088.0,4.0,0,1,-1
chb01,chb01_03,543,1086.0,1090.0,4.0,0,1,-1
chb01,chb01_03,544,1088.0,1092.0,4.0,0,1,-1
chb01,chb01_03,545,1090.0,1094.0,4.0,0,1,-1
chb01,chb01_03,546,1092.0,1096.0,4.0,0,1,-1
chb01,chb01_03,547,1094.0,1098.0,4.0,0,1,-1
chb01,chb01_03,548,1096.0,1100.0,4.0,0,1,-1
chb01,chb01_03,549,1098.0,1102.0,4.0,0,1,-1
chb01,chb01_03,550,1100.0,1104.0,4.0,0,1,-1
chb01,chb01_03,551,1102.0,1106.0,4.0,0,1,-1
chb01,chb01_03,552,1104.0,1108.0,4.0,0,1,-1
chb01,chb01_03,553,1106.0,1110.0,4.0,0,1,-1
chb01,chb01_03,554,1108.0,1112.0,4.0,0,1,-1
chb01,chb01_03,555,1110.0,1114.0,4.0,0,1,-1
chb01,chb01_03,556,1112.0,1116.0,4.0,0,1,-1
chb01,chb01_03,557,1114.0,1118.0,4.0,0,1,-1
chb01,chb01_03,558,1116.0,1120.0,4.0,0,1,-1
chb01,chb01_03,559,1118.0,1122.0,4.0,0,1,-1
chb01,chb01_03,560,1120.0,1124.0,4.0,0,1,-1
chb01,chb01_03,561,1122.0,1126.0,4.0,0,1,-1
chb01,chb01_03,562,1124.0,1128.0,4.0,0,1,-1
chb01,chb01_03,563,1126.0,1130.0,4.0,0,1,-1
chb01,chb01_03,564,1128.0,1132.0,4.0,0,1,-1
chb01,chb01_03,565,1130.0,1134.0,4.0,0,1,-1
chb01,chb01_03,566,1132.0,1136.0,4.0,0,1,-1
chb01,chb01_03,567,1134.0,1138.0,4.0,0,1,-1
chb01,chb01_03,568,1136.0,1140.0,4.0,0,1,-1
chb01,chb01_03,569,1138.0,1142.0,4.0,0,1,-1
chb01,chb01_03,570,1140.0,1144.0,4.0,0,1,-1
chb01,chb01_03,571,1142.0,1146.0,4.0,0,1,-1
chb01,chb01_03,572,1144.0,1148.0,4.0,0,1,-1
chb01,chb01_03,573,1146.0,1150.0,4.0,0,1,-1
chb01,chb01_03,574,1148.0,1152.0,4.0,0,1,-1
chb01,chb01_03,575,1150.0,1154.0,4.0,0,1,-1
chb01,chb01_03,576,1152.0,1156.0,4.0,0,1,-1
chb01,chb01_03,577,1154.0,1158.0,4.0,0,1,-1
chb01,chb01_03,578,1156.0,1160.0,4.0,0,1,-1
chb01,chb01_03,579,1158.0,1162.0,4.0,0,1,-1
chb01,chb01_03,580,1160.0,1164.0,4.0,0,1,-1
chb01,chb01_03,581,1162.0,1166.0,4.0,0,1,-1
chb01,chb01_03,582,1164.0,1168.0,4.0,0,1,-1
chb01,chb01_03,583,1166.0,1170.0,4.0,0,1,-1
chb01,chb01_03,584,1168.0,1172.0,4.0,0,1,-1
chb01,chb01_03,585,1170.0,1174.0,4.0,0,1,-1
chb01,chb01_03,586,1172.0,1176.0,4.0,0,1,-1
chb01,chb01_03,587,1174.0,1178.0,4.0,0,1,-1
chb01,chb01_03,588,1176.0,1180.0,4.0,0,1,-1
chb01,chb01_03,589,1178.0,1182.0,4.0,0,1,-1
chb01,chb01_03,590,1180.0,1184.0,4.0,0,1,-1
chb01,chb01_03,591,1182.0,1186.0,4.0,0,1,-1
chb01,chb01_03,592,1184.0,1188.0,4.0,0,1,-1
chb01,chb01_03,593,1186.0,1190.0,4.0,0,1,-1
chb01,chb01_03,594,1188.0,1192.0,4.0,0,1,-1
chb01,chb01_03,595,1190.0,1194.0,4.0,0,1,-1
chb01,chb01_03,596,1192.0,1196.0,4.0,0,1,-1
chb01,chb01_03,597,1194.0,1198.0,4.0,0,1,-1
chb01,chb01_03,598,1196.0,1200.0,4.0,0,1,-1
chb01,chb01_03,599,1198.0,1202.0,4.0,0,1,-1
chb01,chb01_03,600,1200.0,1204.0,4.0,0,1,-1
chb01,chb01_03,601,1202.0,1206.0,4.0,0,1,-1
chb01,chb01_03,602,1204.0,1208.0,4.0,0,1,-1
chb01,chb01_03,603,1206.0,1210.0,4.0,0,1,-1
chb01,chb01_03,604,1208.0,1212.0,4.0,0,1,-1
chb01,chb01_03,605,1210.0,1214.0,4.0,0,1,-1
chb01,chb01_03,606,1212.0,1216.0,4.0,0,1,-1
chb01,chb01_03,607,1214.0,1218.0,4.0,0,1,-1
chb01,chb01_03,608,1216.0,1220.0,4.0,0,1,-1
chb01,chb01_03,609,1218.0,1222.0,4.0,0,1,-1
chb01,chb01_03,610,1220.0,1224.0,4.0,0,1,-1
chb01,chb01_03,611,1222.0,1226.0,4.0,0,1,-1
chb01,chb01_03,612,1224.0,1228.0,4.0,0,1,-1
chb01,chb01_03,613,1226.0,1230.0,4.0,0,1,-1
chb01,chb01_03,614,1228.0,1232.0,4.0,0,1,-1
chb01,chb01_03,615,1230.0,1234.0,4.0,0,1,-1
chb01,chb01_03,616,1232.0,1236.0,4.0,0,1,-1
chb01,chb01_03,617,1234.0,1238.0,4.0,0,1,-1
chb01,chb01_03,618,1236.0,1240.0,4.0,0,1,-1
chb01,chb01_03,619,1238.0,1242.0,4.0,0,1,-1
chb01,chb01_03,620,1240.0,1244.0,4.0,0,1,-1
chb01,chb01_03,621,1242.0,1246.0,4.0,0,1,-1
chb01,chb01_03,622,1244.0,1248.0,4.0,0,1,-1
chb01,chb01_03,623,1246.0,1250.0,4.0,0,1,-1
chb01,chb01_03,624,1248.0,1252.0,4.0,0,1,-1
chb01,chb01_03,625,1250.0,1254.0,4.0,0,1,-1
chb01,chb01_03,626,1252.0,1256.0,4.0,0,1,-1
chb01,chb01_03,627,1254.0,1258.0,4.0,0,1,-1
chb01,chb01_03,628,1256.0,1260.0,4.0,0,1,-1
chb01,chb01_03,629,1258.0,1262.0,4.0,0,1,-1
chb01,chb01_03,630,1260.0,1264.0,4.0,0,1,-1
chb01,chb01_03,631,1262.0,1266.0,4.0,0,1,-1
chb01,chb01_03,632,1264.0,1268.0,4.0,0,1,-1
chb01,chb01_03,633,1266.0,1270.0,4.0,0,1,-1
chb01,chb01_03,634,1268.0,1272.0,4.0,0,1,-1
chb01,chb01_03,635,1270.0,1274.0,4.0,0,1,-1
chb01,chb01_03,636,1272.0,1276.0,4.0,0,1,-1
chb01,chb01_03,637,1274.0,1278.0,4.0,0,1,-1
chb01,chb01_03,638,1276.0,1280.0,4.0,0,1,-1
chb01,chb01_03,639,1278.0,1282.0,4.0,0,1,-1
chb01,chb01_03,640,1280.0,1284.0,4.0,0,1,-1
chb01,chb01_03,641,1282.0,1286.0,4.0,0,1,-1
chb01,chb01_03,642,1284.0,1288.0,4.0,0,1,-1
chb01,chb01_03,643,1286.0,1290.0,4.0,0,1,-1
chb01,chb01_03,644,1288.0,1292.0,4.0,0,1,-1
chb01,chb01_03,645,1290.0,1294.0,4.0,0,1,-1
chb01,chb01_03,646,1292.0,1296.0,4.0,0,1,-1
chb01,chb01_03,647,1294.0,1298.0,4.0,0,1,-1
chb01,chb01_03,648,1296.0,1300.0,4.0,0,1,-1
chb01,chb01_03,649,1298.0,1302.0,4.0,0,1,-1
chb01,chb01_03,650,1300.0,1304.0,4.0,0,1,-1
chb01,chb01_03,651,1302.0,1306.0,4.0,0,1,-1
chb01,chb01_03,652,1304.0,1308.0,4.0,0,1,-1
chb01,chb01_03,653,1306.0,1310.0,4.0,0,1,-1
chb01,chb01_03,654,1308.0,1312.0,4.0,0,1,-1
chb01,chb01_03,655,1310.0,1314.0,4.0,0,1,-1
chb01,chb01_03,656,1312.0,1316.0,4.0,0,1,-1
chb01,chb01_03,657,1314.0,1318.0,4.0,0,1,-1
chb01,chb01_03,658,1316.0,1320.0,4.0,0,1,-1
chb01,chb01_03,659,1318.0,1322.0,4.0,0,1,-1
chb01,chb01_03,660,1320.0,1324.0,4.0,0,1,-1
chb01,chb01_03,661,1322.0,1326.0,4.0,0,1,-1
chb01,chb01_03,662,1324.0,1328.0,4.0,0,1,-1
chb01,chb01_03,663,1326.0,1330.0,4.0,0,1,-1
chb01,chb01_03,664,1328.0,1332.0,4.0,0,1,-1
chb01,chb01_03,665,1330.0,1334.0,4.0,0,1,-1
chb01,chb01_03,666,1332.0,1336.0,4.0,0,1,-1
chb01,chb01_03,667,1334.0,1338.0,4.0,0,1,-1
chb01,chb01_03,668,1336.0,1340.0,4.0,0,1,-1
chb01,chb01_03,669,1338.0,1342.0,4.0,0,1,-1
chb01,chb01_03,670,1340.0,1344.0,4.0,0,1,-1
chb01,chb01_03,671,1342.0,1346.0,4.0,0,1,-1
chb01,chb01_03,672,1344.0,1348.0,4.0,0,1,-1
chb01,chb01_03,673,1346.0,1350.0,4.0,0,1,-1
chb01,chb01_03,674,1348.0,1352.0,4.0,0,1,-1
chb01,chb01_03,675,1350.0,1354.0,4.0,0,1,-1
chb01,chb01_03,676,1352.0,1356.0,4.0,0,1,-1
chb01,chb01_03,677,1354.0,1358.0,4.0,0,1,-1
chb01,chb01_03,678,1356.0,1360.0,4.0,0,1,-1
chb01,chb01_03,679,1358.0,1362.0,4.0,0,1,-1
chb01,chb01_03,680,1360.0,1364.0,4.0,0,1,-1
chb01,chb01_03,681,1362.0,1366.0,4.0,0,1,-1
chb01,chb01_03,682,1364.0,1368.0,4.0,0,1,-1
chb01,chb01_03,683,1366.0,1370.0,4.0,0,1,-1
chb01,chb01_03,684,1368.0,1372.0,4.0,0,1,-1
chb01,chb01_03,685,1370.0,1374.0,4.0,0,1,-1
chb01,chb01_03,686,1372.0,1376.0,4.0,0,1,-1
chb01,chb01_03,687,1374.0,1378.0,4.0,0,1,-1
chb01,chb01_03,688,1376.0,1380.0,4.0,0,1,-1
chb01,chb01_03,689,1378.0,1382.0,4.0,0,1,-1
chb01,chb01_03,690,1380.0,1384.0,4.0,0,1,-1
chb01,chb01_03,691,1382.0,1386.0,4.0,0,1,-1
chb01,chb01_03,692,1384.0,1388.0,4.0,0,1,-1
chb01,chb01_03,693,1386.0,1390.0,4.0,0,1,-1
chb01,chb01_03,694,1388.0,1392.0,4.0,0,1,-1
chb01,chb01_03,695,1390.0,1394.0,4.0,0,1,-1
chb01,chb01_03,696,1392.0,1396.0,4.0,0,1,-1
chb01,chb01_03,697,1394.0,1398.0,4.0,0,1,-1
chb01,chb01_03,698,1396.0,1400.0,4.0,0,1,-1
chb01,chb01_03,699,1398.0,1402.0,4.0,0,1,-1
chb01,chb01_03,700,1400.0,1404.0,4.0,0,1,-1
chb01,chb01_03,701,1402.0,1406.0,4.0,0,1,-1
chb01,chb01_03,702,1404.0,1408.0,4.0,0,1,-1
chb01,chb01_03,703,1406.0,1410.0,4.0,0,1,-1
chb01,chb01_03,704,1408.0,1412.0,4.0,0,1,-1
chb01,chb01_03,705,1410.0,1414.0,4.0,0,1,-1
chb01,chb01_03,706,1412.0,1416.0,4.0,0,1,-1
chb01,chb01_03,707,1414.0,1418.0,4.0,0,1,-1
chb01,chb01_03,708,1416.0,1420.0,4.0,0,1,-1
chb01,chb01_03,709,1418.0,1422.0,4.0,0,1,-1
chb01,chb01_03,710,1420.0,1424.0,4.0,0,1,-1
chb01,chb01_03,711,1422.0,1426.0,4.0,0,1,-1
chb01,chb01_03,712,1424.0,1428.0,4.0,0,1,-1
chb01,chb01_03,713,1426.0,1430.0,4.0,0,1,-1
chb01,chb01_03,714,1428.0,1432.0,4.0,0,1,-1
chb01,chb01_03,715,1430.0,1434.0,4.0,0,1,-1
chb01,chb01_03,716,1432.0,1436.0,4.0,0,1,-1
chb01,chb01_03,717,1434.0,1438.0,4.0,0,1,-1
chb01,chb01_03,718,1436.0,1440.0,4.0,0,1,-1
chb01,chb01_03,719,1438.0,1442.0,4.0,0,1,-1
chb01,chb01_03,720,1440.0,1444.0,4.0,0,1,-1
chb01,chb01_03,721,1442.0,1446.0,4.0,0,1,-1
chb01,chb01_03,722,1444.0,1448.0,4.0,0,1,-1
chb01,chb01_03,723,1446.0,1450.0,4.0,0,1,-1
chb01,chb01_03,724,1448.0,1452.0,4.0,0,1,-1
chb01,chb01_03,725,1450.0,1454.0,4.0,0,1,-1
chb01,chb01_03,726,1452.0,1456.0,4.0,0,1,-1
chb01,chb01_03,727,1454.0,1458.0,4.0,0,1,-1
chb01,chb01_03,728,1456.0,1460.0,4.0,0,1,-1
chb01,chb01_03,729,1458.0,1462.0,4.0,0,1,-1
chb01,chb01_03,730,1460.0,1464.0,4.0,0,1,-1
chb01,chb01_03,731,1462.0,1466.0,4.0,0,1,-1
chb01,chb01_03,732,1464.0,1468.0,4.0,0,1,-1
chb01,chb01_03,733,1466.0,1470.0,4.0,0,1,-1
chb01,chb01_03,734,1468.0,1472.0,4.0,0,1,-1
chb01,chb01_03,735,1470.0,1474.0,4.0,0,1,-1
chb01,chb01_03,736,1472.0,1476.0,4.0,0,1,-1
chb01,chb01_03,737,1474.0,1478.0,4.0,0,1,-1
chb01,chb01_03,738,1476.0,1480.0,4.0,0,1,-1
chb01,chb01_03,739,1478.0,1482.0,4.0,0,1,-1
chb01,chb01_03,740,1480.0,1484.0,4.0,0,1,-1
chb01,chb01_03,741,1482.0,1486.0,4.0,0,1,-1
chb01,chb01_03,742,1484.0,1488.0,4.0,0,1,-1
chb01,chb01_03,743,1486.0,1490.0,4.0,0,1,-1
chb01,chb01_03,744,1488.0,1492.0,4.0,0,1,-1
chb01,chb01_03,745,1490.0,1494.0,4.0,0,1,-1
chb01,chb01_03,746,1492.0,1496.0,4.0,0,1,-1
chb01,chb01_03,747,1494.0,1498.0,4.0,0,1,-1
chb01,chb01_03,748,1496.0,1500.0,4.0,0,1,-1
chb01,chb01_03,749,1498.0,1502.0,4.0,0,1,-1
chb01,chb01_03,750,1500.0,1504.0,4.0,0,1,-1
chb01,chb01_03,751,1502.0,1506.0,4.0,0,1,-1
chb01,chb01_03,752,1504.0,1508.0,4.0,0,1,-1
chb01,chb01_03,753,1506.0,1510.0,4.0,0,1,-1
chb01,chb01_03,754,1508.0,1512.0,4.0,0,1,-1
chb01,chb01_03,755,1510.0,1514.0,4.0,0,1,-1
chb01,chb01_03,756,1512.0,1516.0,4.0,0,1,-1
chb01,chb01_03,757,1514.0,1518.0,4.0,0,1,-1
chb01,chb01_03,758,1516.0,1520.0,4.0,0,1,-1
chb01,chb01_03,759,1518.0,1522.0,4.0,0,1,-1
chb01,chb01_03,760,1520.0,1524.0,4.0,0,1,-1
chb01,chb01_03,761,1522.0,1526.0,4.0,0,1,-1
chb01,chb01_03,762,1524.0,1528.0,4.0,0,0,-1
chb01,chb01_03,763,1526.0,1530.0,4.0,0,1,-1
chb01,chb01_03,764,1528.0,1532.0,4.0,0,1,-1
chb01,chb01_03,765,1530.0,1534.0,4.0,0,1,-1
chb01,chb01_03,766,1532.0,1536.0,4.0,0,1,-1
chb01,chb01_03,767,1534.0,1538.0,4.0,0,1,-1
chb01,chb01_03,768,1536.0,1540.0,4.0,0,1,-1
chb01,chb01_03,769,1538.0,1542.0,4.0,0,1,-1
chb01,chb01_03,770,1540.0,1544.0,4.0,0,1,-1
chb01,chb01_03,771,1542.0,1546.0,4.0,0,1,-1
chb01,chb01_03,772,1544.0,1548.0,4.0,0,1,-1
chb01,chb01_03,773,1546.0,1550.0,4.0,0,1,-1
chb01,chb01_03,774,1548.0,1552.0,4.0,0,1,-1
chb01,chb01_03,775,1550.0,1554.0,4.0,0,1,-1
chb01,chb01_03,776,1552.0,1556.0,4.0,0,1,-1
chb01,chb01_03,777,1554.0,1558.0,4.0,0,1,-1
chb01,chb01_03,778,1556.0,1560.0,4.0,0,1,-1
chb01,chb01_03,779,1558.0,1562.0,4.0,0,1,-1
chb01,chb01_03,780,1560.0,1564.0,4.0,0,1,-1
chb01,chb01_03,781,1562.0,1566.0,4.0,0,1,-1
chb01,chb01_03,782,1564.0,1568.0,4.0,0,1,-1
chb01,chb01_03,783,1566.0,1570.0,4.0,0,1,-1
chb01,chb01_03,784,1568.0,1572.0,4.0,0,1,-1
chb01,chb01_03,785,1570.0,1574.0,4.0,0,1,-1
chb01,chb01_03,786,1572.0,1576.0,4.0,0,1,-1
chb01,chb01_03,787,1574.0,1578.0,4.0,0,1,-1
chb01,chb01_03,788,1576.0,1580.0,4.0,0,1,-1
chb01,chb01_03,789,1578.0,1582.0,4.0,0,1,-1
chb01,chb01_03,790,1580.0,1584.0,4.0,0,1,-1
chb01,chb01_03,791,1582.0,1586.0,4.0,0,1,-1
chb01,chb01_03,792,1584.0,1588.0,4.0,0,1,-1
chb01,chb01_03,793,1586.0,1590.0,4.0,0,1,-1
chb01,chb01_03,794,1588.0,1592.0,4.0,0,1,-1
chb01,chb01_03,795,1590.0,1594.0,4.0,0,1,-1
chb01,chb01_03,796,1592.0,1596.0,4.0,0,1,-1
chb01,chb01_03,797,1594.0,1598.0,4.0,0,1,-1
chb01,chb01_03,798,1596.0,1600.0,4.0,0,1,-1
chb01,chb01_03,799,1598.0,1602.0,4.0,0,0,-1
chb01,chb01_03,800,1600.0,1604.0,4.0,0,1,-1
chb01,chb01_03,801,1602.0,1606.0,4.0,0,1,-1
chb01,chb01_03,802,1604.0,1608.0,4.0,0,1,-1
chb01,chb01_03,803,1606.0,1610.0,4.0,0,1,-1
chb01,chb01_03,804,1608.0,1612.0,4.0,0,1,-1
chb01,chb01_03,805,1610.0,1614.0,4.0,0,1,-1
chb01,chb01_03,806,1612.0,1616.0,4.0,0,1,-1
chb01,chb01_03,807,1614.0,1618.0,4.0,0,1,-1
chb01,chb01_03,808,1616.0,1620.0,4.0,0,1,-1
chb01,chb01_03,809,1618.0,1622.0,4.0,0,1,-1
chb01,chb01_03,810,1620.0,1624.0,4.0,0,1,-1
chb01,chb01_03,811,1622.0,1626.0,4.0,0,1,-1
chb01,chb01_03,812,1624.0,1628.0,4.0,0,1,-1
chb01,chb01_03,813,1626.0,1630.0,4.0,0,1,-1
chb01,chb01_03,814,1628.0,1632.0,4.0,0,1,-1
chb01,chb01_03,815,1630.0,1634.0,4.0,0,1,-1
chb01,chb01_03,816,1632.0,1636.0,4.0,0,1,-1
chb01,chb01_03,817,1634.0,1638.0,4.0,0,1,-1
chb01,chb01_03,818,1636.0,1640.0,4.0,0,1,-1
chb01,chb01_03,819,1638.0,1642.0,4.0,0,1,-1
chb01,chb01_03,820,1640.0,1644.0,4.0,0,1,-1
chb01,chb01_03,821,1642.0,1646.0,4.0,0,1,-1
chb01,chb01_03,822,1644.0,1648.0,4.0,0,1,-1
chb01,chb01_03,823,1646.0,1650.0,4.0,0,1,-1
chb01,chb01_03,824,1648.0,1652.0,4.0,0,1,-1
chb01,chb01_03,825,1650.0,1654.0,4.0,0,1,-1
chb01,chb01_03,826,1652.0,1656.0,4.0,0,1,-1
chb01,chb01_03,827,1654.0,1658.0,4.0,0,1,-1
chb01,chb01_03,828,1656.0,1660.0,4.0,0,1,-1
chb01,chb01_03,829,1658.0,1662.0,4.0,0,1,-1
chb01,chb01_03,830,1660.0,1664.0,4.0,0,1,-1
chb01,chb01_03,831,1662.0,1666.0,4.0,0,1,-1
chb01,chb01_03,832,1664.0,1668.0,4.0,0,1,-1
chb01,chb01_03,833,1666.0,1670.0,4.0,0,1,-1
chb01,chb01_03,834,1668.0,1672.0,4.0,0,1,-1
chb01,chb01_03,835,1670.0,1674.0,4.0,0,1,-1
chb01,chb01_03,836,1672.0,1676.0,4.0,0,1,-1
chb01,chb01_03,837,1674.0,1678.0,4.0,0,1,-1
chb01,chb01_03,838,1676.0,1680.0,4.0,0,1,-1
chb01,chb01_03,839,1678.0,1682.0,4.0,0,1,-1
chb01,chb01_03,840,1680.0,1684.0,4.0,0,1,-1
chb01,chb01_03,841,1682.0,1686.0,4.0,0,1,-1
chb01,chb01_03,842,1684.0,1688.0,4.0,0,1,-1
chb01,chb01_03,843,1686.0,1690.0,4.0,0,1,-1
chb01,chb01_03,844,1688.0,1692.0,4.0,0,1,-1
chb01,chb01_03,845,1690.0,1694.0,4.0,0,1,-1
chb01,chb01_03,846,1692.0,1696.0,4.0,0,1,-1
chb01,chb01_03,847,1694.0,1698.0,4.0,0,1,-1
chb01,chb01_03,848,1696.0,1700.0,4.0,0,1,-1
chb01,chb01_03,849,1698.0,1702.0,4.0,0,1,-1
chb01,chb01_03,850,1700.0,1704.0,4.0,0,1,-1
chb01,chb01_03,851,1702.0,1706.0,4.0,0,1,-1
chb01,chb01_03,852,1704.0,1708.0,4.0,0,1,-1
chb01,chb01_03,853,1706.0,1710.0,4.0,0,1,-1
chb01,chb01_03,854,1708.0,1712.0,4.0,0,1,-1
chb01,chb01_03,855,1710.0,1714.0,4.0,0,1,-1
chb01,chb01_03,856,1712.0,1716.0,4.0,0,1,-1
chb01,chb01_03,857,1714.0,1718.0,4.0,0,1,-1
chb01,chb01_03,858,1716.0,1720.0,4.0,0,1,-1
chb01,chb01_03,859,1718.0,1722.0,4.0,0,1,-1
chb01,chb01_03,860,1720.0,1724.0,4.0,0,1,-1
chb01,chb01_03,861,1722.0,1726.0,4.0,0,1,-1
chb01,chb01_03,862,1724.0,1728.0,4.0,0,1,-1
chb01,chb01_03,863,1726.0,1730.0,4.0,0,1,-1
chb01,chb01_03,864,1728.0,1732.0,4.0,0,1,-1
chb01,chb01_03,865,1730.0,1734.0,4.0,0,1,-1
chb01,chb01_03,866,1732.0,1736.0,4.0,0,1,-1
chb01,chb01_03,867,1734.0,1738.0,4.0,0,1,-1
chb01,chb01_03,868,1736.0,1740.0,4.0,0,1,-1
chb01,chb01_03,869,1738.0,1742.0,4.0,0,1,-1
chb01,chb01_03,870,1740.0,1744.0,4.0,0,1,-1
chb01,chb01_03,871,1742.0,1746.0,4.0,0,1,-1
chb01,chb01_03,872,1744.0,1748.0,4.0,0,1,-1
chb01,chb01_03,873,1746.0,1750.0,4.0,0,1,-1
chb01,chb01_03,874,1748.0,1752.0,4.0,0,1,-1
chb01,chb01_03,875,1750.0,1754.0,4.0,0,1,-1
chb01,chb01_03,876,1752.0,1756.0,4.0,0,1,-1
chb01,chb01_03,877,1754.0,1758.0,4.0,0,1,-1
chb01,chb01_03,878,1756.0,1760.0,4.0,0,1,-1
chb01,chb01_03,879,1758.0,1762.0,4.0,0,1,-1
chb01,chb01_03,880,1760.0,1764.0,4.0,0,1,-1
chb01,chb01_03,881,1762.0,1766.0,4.0,0,1,-1
chb01,chb01_03,882,1764.0,1768.0,4.0,0,1,-1
chb01,chb01_03,883,1766.0,1770.0,4.0,0,0,-1
chb01,chb01_03,884,1768.0,1772.0,4.0,0,1,-1
chb01,chb01_03,885,1770.0,1774.0,4.0,0,0,-1
chb01,chb01_03,886,1772.0,1776.0,4.0,0,1,-1
chb01,chb01_03,887,1774.0,1778.0,4.0,0,0,-1
chb01,chb01_03,888,1776.0,1780.0,4.0,0,0,-1
chb01,chb01_03,889,1778.0,1782.0,4.0,0,1,-1
chb01,chb01_03,890,1780.0,1784.0,4.0,0,1,-1
chb01,chb01_03,891,1782.0,1786.0,4.0,0,1,-1
chb01,chb01_03,892,1784.0,1788.0,4.0,0,1,-1
chb01,chb01_03,893,1786.0,1790.0,4.0,0,0,-1
chb01,chb01_03,894,1788.0,1792.0,4.0,0,0,-1
chb01,chb01_03,895,1790.0,1794.0,4.0,0,0,-1
chb01,chb01_03,896,1792.0,1796.0,4.0,0,0,-1
chb01,chb01_03,897,1794.0,1798.0,4.0,0,0,-1
chb01,chb01_03,898,1796.0,1800.0,4.0,0,1,-1
chb01,chb01_03,899,1798.0,1802.0,4.0,0,0,-1
chb01,chb01_03,900,1800.0,1804.0,4.0,0,1,-1
chb01,chb01_03,901,1802.0,1806.0,4.0,0,1,-1
chb01,chb01_03,902,1804.0,1808.0,4.0,0,0,-1
chb01,chb01_03,903,1806.0,1810.0,4.0,0,1,-1
chb01,chb01_03,904,1808.0,1812.0,4.0,0,1,-1
chb01,chb01_03,905,1810.0,1814.0,4.0,0,0,-1
chb01,chb01_03,906,1812.0,1816.0,4.0,0,0,-1
chb01,chb01_03,907,1814.0,1818.0,4.0,0,0,-1
chb01,chb01_03,908,1816.0,1820.0,4.0,0,0,-1
chb01,chb01_03,909,1818.0,1822.0,4.0,0,0,-1
chb01,chb01_03,910,1820.0,1824.0,4.0,0,0,-1
chb01,chb01_03,911,1822.0,1826.0,4.0,0,0,-1
chb01,chb01_03,912,1824.0,1828.0,4.0,0,1,-1
chb01,chb01_03,913,1826.0,1830.0,4.0,0,1,-1
chb01,chb01_03,914,1828.0,1832.0,4.0,0,0,-1
chb01,chb01_03,915,1830.0,1834.0,4.0,0,0,-1
chb01,chb01_03,916,1832.0,1836.0,4.0,0,0,-1
chb01,chb01_03,917,1834.0,1838.0,4.0,0,0,-1
chb01,chb01_03,918,1836.0,1840.0,4.0,0,1,-1
chb01,chb01_03,919,1838.0,1842.0,4.0,0,1,-1
chb01,chb01_03,920,1840.0,1844.0,4.0,0,1,-1
chb01,chb01_03,921,1842.0,1846.0,4.0,0,1,-1
chb01,chb01_03,922,1844.0,1848.0,4.0,0,1,-1
chb01,chb01_03,923,1846.0,1850.0,4.0,0,1,-1
chb01,chb01_03,924,1848.0,1852.0,4.0,0,1,-1
chb01,chb01_03,925,1850.0,1854.0,4.0,0,1,-1
chb01,chb01_03,926,1852.0,1856.0,4.0,0,1,-1
chb01,chb01_03,927,1854.0,1858.0,4.0,0,1,-1
chb01,chb01_03,928,1856.0,1860.0,4.0,0,1,-1
chb01,chb01_03,929,1858.0,1862.0,4.0,0,1,-1
chb01,chb01_03,930,1860.0,1864.0,4.0,0,1,-1
chb01,chb01_03,931,1862.0,1866.0,4.0,0,0,-1
chb01,chb01_03,932,1864.0,1868.0,4.0,0,1,-1
chb01,chb01_03,933,1866.0,1870.0,4.0,0,1,-1
chb01,chb01_03,934,1868.0,1872.0,4.0,0,0,-1
chb01,chb01_03,935,1870.0,1874.0,4.0,0,0,-1
chb01,chb01_03,936,1872.0,1876.0,4.0,0,1,-1
chb01,chb01_03,937,1874.0,1878.0,4.0,0,1,-1
chb01,chb01_03,938,1876.0,1880.0,4.0,0,0,-1
chb01,chb01_03,939,1878.0,1882.0,4.0,0,0,-1
chb01,chb01_03,940,1880.0,1884.0,4.0,0,0,-1
chb01,chb01_03,941,1882.0,1886.0,4.0,0,0,-1
chb01,chb01_03,942,1884.0,1888.0,4.0,0,0,-1
chb01,chb01_03,943,1886.0,1890.0,4.0,0,0,-1
chb01,chb01_03,944,1888.0,1892.0,4.0,0,0,-1
chb01,chb01_03,945,1890.0,1894.0,4.0,0,0,-1
chb01,chb01_03,946,1892.0,1896.0,4.0,0,0,-1
chb01,chb01_03,947,1894.0,1898.0,4.0,0,0,-1
chb01,chb01_03,948,1896.0,1900.0,4.0,0,0,-1
chb01,chb01_03,949,1898.0,1902.0,4.0,0,0,-1
chb01,chb01_03,950,1900.0,1904.0,4.0,0,0,-1
chb01,chb01_03,951,1902.0,1906.0,4.0,0,0,-1
chb01,chb01_03,952,1904.0,1908.0,4.0,0,0,-1
chb01,chb01_03,953,1906.0,1910.0,4.0,0,1,-1
chb01,chb01_03,954,1908.0,1912.0,4.0,0,1,-1
chb01,chb01_03,955,1910.0,1914.0,4.0,0,0,-1
chb01,chb01_03,956,1912.0,1916.0,4.0,0,0,-1
chb01,chb01_03,957,1914.0,1918.0,4.0,0,0,-1
chb01,chb01_03,958,1916.0,1920.0,4.0,0,1,-1
chb01,chb01_03,959,1918.0,1922.0,4.0,0,1,-1
chb01,chb01_03,960,1920.0,1924.0,4.0,0,0,-1
chb01,chb01_03,961,1922.0,1926.0,4.0,0,1,-1
chb01,chb01_03,962,1924.0,1928.0,4.0,0,1,-1
chb01,chb01_03,963,1926.0,1930.0,4.0,0,0,-1
chb01,chb01_03,964,1928.0,1932.0,4.0,0,1,-1
chb01,chb01_03,965,1930.0,1934.0,4.0,0,0,-1
chb01,chb01_03,966,1932.0,1936.0,4.0,0,0,-1
chb01,chb01_03,967,1934.0,1938.0,4.0,0,1,-1
chb01,chb01_03,968,1936.0,1940.0,4.0,0,1,-1
chb01,chb01_03,969,1938.0,1942.0,4.0,0,0,-1
chb01,chb01_03,970,1940.0,1944.0,4.0,0,1,-1
chb01,chb01_03,971,1942.0,1946.0,4.0,0,0,-1
chb01,chb01_03,972,1944.0,1948.0,4.0,0,0,-1
chb01,chb01_03,973,1946.0,1950.0,4.0,0,0,-1
chb01,chb01_03,974,1948.0,1952.0,4.0,0,0,-1
chb01,chb01_03,975,1950.0,1954.0,4.0,0,0,-1
chb01,chb01_03,976,1952.0,1956.0,4.0,0,0,-1
chb01,chb01_03,977,1954.0,1958.0,4.0,0,0,-1
chb01,chb01_03,978,1956.0,1960.0,4.0,0,1,-1
chb01,chb01_03,979,1958.0,1962.0,4.0,0,1,-1
chb01,chb01_03,980,1960.0,1964.0,4.0,0,1,-1
chb01,chb01_03,981,1962.0,1966.0,4.0,0,1,-1
chb01,chb01_03,982,1964.0,1968.0,4.0,0,1,-1
chb01,chb01_03,983,1966.0,1970.0,4.0,0,1,-1
chb01,chb01_03,984,1968.0,1972.0,4.0,0,0,-1
chb01,chb01_03,985,1970.0,1974.0,4.0,0,0,-1
chb01,chb01_03,986,1972.0,1976.0,4.0,0,0,-1
chb01,chb01_03,987,1974.0,1978.0,4.0,0,0,-1
chb01,chb01_03,988,1976.0,1980.0,4.0,0,0,-1
chb01,chb01_03,989,1978.0,1982.0,4.0,0,1,-1
chb01,chb01_03,990,1980.0,1984.0,4.0,0,0,-1
chb01,chb01_03,991,1982.0,1986.0,4.0,0,0,-1
chb01,chb01_03,992,1984.0,1988.0,4.0,0,1,-1
chb01,chb01_03,993,1986.0,1990.0,4.0,0,0,-1
chb01,chb01_03,994,1988.0,1992.0,4.0,0,0,-1
chb01,chb01_03,995,1990.0,1994.0,4.0,0,0,-1
chb01,chb01_03,996,1992.0,1996.0,4.0,0,0,-1
chb01,chb01_03,997,1994.0,1998.0,4.0,0,0,-1
chb01,chb01_03,998,1996.0,2000.0,4.0,0,0,-1
chb01,chb01_03,999,1998.0,2002.0,4.0,0,0,-1
chb01,chb01_03,1000,2000.0,2004.0,4.0,0,0,-1
chb01,chb01_03,1001,2002.0,2006.0,4.0,0,0,-1
chb01,chb01_03,1002,2004.0,2008.0,4.0,0,1,-1
chb01,chb01_03,1003,2006.0,2010.0,4.0,0,1,-1
chb01,chb01_03,1004,2008.0,2012.0,4.0,0,0,-1
chb01,chb01_03,1005,2010.0,2014.0,4.0,0,0,-1
chb01,chb01_03,1006,2012.0,2016.0,4.0,0,0,-1
chb01,chb01_03,1007,2014.0,2018.0,4.0,0,0,-1
chb01,chb01_03,1008,2016.0,2020.0,4.0,0,0,-1
chb01,chb01_03,1009,2018.0,2022.0,4.0,0,0,-1
chb01,chb01_03,1010,2020.0,2024.0,4.0,0,0,-1
chb01,chb01_03,1011,2022.0,2026.0,4.0,0,0,-1
chb01,chb01_03,1012,2024.0,2028.0,4.0,0,1,-1
chb01,chb01_03,1013,2026.0,2030.0,4.0,0,1,-1
chb01,chb01_03,1014,2028.0,2032.0,4.0,0,0,-1
chb01,chb01_03,1015,2030.0,2034.0,4.0,0,0,-1
chb01,chb01_03,1016,2032.0,2036.0,4.0,0,0,-1
chb01,chb01_03,1017,2034.0,2038.0,4.0,0,0,-1
chb01,chb01_03,1018,2036.0,2040.0,4.0,0,0,-1
chb01,chb01_03,1019,2038.0,2042.0,4.0,0,0,-1
chb01,chb01_03,1020,2040.0,2044.0,4.0,0,0,-1
chb01,chb01_03,1021,2042.0,2046.0,4.0,0,1,-1
chb01,chb01_03,1022,2044.0,2048.0,4.0,0,1,-1
chb01,chb01_03,1023,2046.0,2050.0,4.0,0,0,-1
chb01,chb01_03,1024,2048.0,2052.0,4.0,0,0,-1
chb01,chb01_03,1025,2050.0,2054.0,4.0,0,0,-1
chb01,chb01_03,1026,2052.0,2056.0,4.0,0,0,-1
chb01,chb01_03,1027,2054.0,2058.0,4.0,0,1,-1
chb01,chb01_03,1028,2056.0,2060.0,4.0,0,1,-1
chb01,chb01_03,1029,2058.0,2062.0,4.0,0,1,-1
chb01,chb01_03,1030,2060.0,2064.0,4.0,0,1,-1
chb01,chb01_03,1031,2062.0,2066.0,4.0,0,0,-1
chb01,chb01_03,1032,2064.0,2068.0,4.0,0,1,-1
chb01,chb01_03,1033,2066.0,2070.0,4.0,0,1,-1
chb01,chb01_03,1034,2068.0,2072.0,4.0,0,0,-1
chb01,chb01_03,1035,2070.0,2074.0,4.0,0,0,-1
chb01,chb01_03,1036,2072.0,2076.0,4.0,0,1,-1
chb01,chb01_03,1037,2074.0,2078.0,4.0,0,1,-1
chb01,chb01_03,1038,2076.0,2080.0,4.0,0,0,-1
chb01,chb01_03,1039,2078.0,2082.0,4.0,0,0,-1
chb01,chb01_03,1040,2080.0,2084.0,4.0,0,0,-1
chb01,chb01_03,1041,2082.0,2086.0,4.0,0,0,-1
chb01,chb01_03,1042,2084.0,2088.0,4.0,0,0,-1
chb01,chb01_03,1043,2086.0,2090.0,4.0,0,0,-1
chb01,chb01_03,1044,2088.0,2092.0,4.0,0,0,-1
chb01,chb01_03,1045,2090.0,2094.0,4.0,0,0,-1
chb01,chb01_03,1046,2092.0,2096.0,4.0,0,0,-1
chb01,chb01_03,1047,2094.0,2098.0,4.0,0,0,-1
chb01,chb01_03,1048,2096.0,2100.0,4.0,0,0,-1
chb01,chb01_03,1049,2098.0,2102.0,4.0,0,0,-1
chb01,chb01_03,1050,2100.0,2104.0,4.0,0,0,-1
chb01,chb01_03,1051,2102.0,2106.0,4.0,0,0,-1
chb01,chb01_03,1052,2104.0,2108.0,4.0,0,1,-1
chb01,chb01_03,1053,2106.0,2110.0,4.0,0,0,-1
chb01,chb01_03,1054,2108.0,2112.0,4.0,0,0,-1
chb01,chb01_03,1055,2110.0,2114.0,4.0,0,0,-1
chb01,chb01_03,1056,2112.0,2116.0,4.0,0,0,-1
chb01,chb01_03,1057,2114.0,2118.0,4.0,0,0,-1
chb01,chb01_03,1058,2116.0,2120.0,4.0,0,0,-1
chb01,chb01_03,1059,2118.0,2122.0,4.0,0,0,-1
chb01,chb01_03,1060,2120.0,2124.0,4.0,0,0,-1
chb01,chb01_03,1061,2122.0,2126.0,4.0,0,0,-1
chb01,chb01_03,1062,2124.0,2128.0,4.0,0,0,-1
chb01,chb01_03,1063,2126.0,2130.0,4.0,0,0,-1
chb01,chb01_03,1064,2128.0,2132.0,4.0,0,1,-1
chb01,chb01_03,1065,2130.0,2134.0,4.0,0,0,-1
chb01,chb01_03,1066,2132.0,2136.0,4.0,0,0,-1
chb01,chb01_03,1067,2134.0,2138.0,4.0,0,0,-1
chb01,chb01_03,1068,2136.0,2140.0,4.0,0,0,-1
chb01,chb01_03,1069,2138.0,2142.0,4.0,0,0,-1
chb01,chb01_03,1070,2140.0,2144.0,4.0,0,0,-1
chb01,chb01_03,1071,2142.0,2146.0,4.0,0,0,-1
chb01,chb01_03,1072,2144.0,2148.0,4.0,0,0,-1
chb01,chb01_03,1073,2146.0,2150.0,4.0,0,0,-1
chb01,chb01_03,1074,2148.0,2152.0,4.0,0,0,-1
chb01,chb01_03,1075,2150.0,2154.0,4.0,0,0,-1
chb01,chb01_03,1076,2152.0,2156.0,4.0,0,0,-1
chb01,chb01_03,1077,2154.0,2158.0,4.0,0,0,-1
chb01,chb01_03,1078,2156.0,2160.0,4.0,0,0,-1
chb01,chb01_03,1079,2158.0,2162.0,4.0,0,0,-1
chb01,chb01_03,1080,2160.0,2164.0,4.0,0,0,-1
chb01,chb01_03,1081,2162.0,2166.0,4.0,0,0,-1
chb01,chb01_03,1082,2164.0,2168.0,4.0,0,0,-1
chb01,chb01_03,1083,2166.0,2170.0,4.0,0,0,-1
chb01,chb01_03,1084,2168.0,2172.0,4.0,0,0,-1
chb01,chb01_03,1085,2170.0,2174.0,4.0,0,0,-1
chb01,chb01_03,1086,2172.0,2176.0,4.0,0,0,-1
chb01,chb01_03,1087,2174.0,2178.0,4.0,0,0,-1
chb01,chb01_03,1088,2176.0,2180.0,4.0,0,0,-1
chb01,chb01_03,1089,2178.0,2182.0,4.0,0,0,-1
chb01,chb01_03,1090,2180.0,2184.0,4.0,0,0,-1
chb01,chb01_03,1091,2182.0,2186.0,4.0,0,0,-1
chb01,chb01_03,1092,2184.0,2188.0,4.0,0,0,-1
chb01,chb01_03,1093,2186.0,2190.0,4.0,0,0,-1
chb01,chb01_03,1094,2188.0,2192.0,4.0,0,0,-1
chb01,chb01_03,1095,2190.0,2194.0,4.0,0,1,-1
chb01,chb01_03,1096,2192.0,2196.0,4.0,0,1,-1
chb01,chb01_03,1097,2194.0,2198.0,4.0,0,1,-1
chb01,chb01_03,1098,2196.0,2200.0,4.0,0,1,-1
chb01,chb01_03,1099,2198.0,2202.0,4.0,0,1,-1
chb01,chb01_03,1100,2200.0,2204.0,4.0,0,0,-1
chb01,chb01_03,1101,2202.0,2206.0,4.0,0,0,-1
chb01,chb01_03,1102,2204.0,2208.0,4.0,0,0,-1
chb01,chb01_03,1103,2206.0,2210.0,4.0,0,0,-1
chb01,chb01_03,1104,2208.0,2212.0,4.0,0,0,-1
chb01,chb01_03,1105,2210.0,2214.0,4.0,0,0,-1
chb01,chb01_03,1106,2212.0,2216.0,4.0,0,0,-1
chb01,chb01_03,1107,2214.0,2218.0,4.0,0,0,-1
chb01,chb01_03,1108,2216.0,2220.0,4.0,0,1,-1
chb01,chb01_03,1109,2218.0,2222.0,4.0,0,1,-1
chb01,chb01_03,1110,2220.0,2224.0,4.0,0,0,-1
chb01,chb01_03,1111,2222.0,2226.0,4.0,0,0,-1
chb01,chb01_03,1112,2224.0,2228.0,4.0,0,1,-1
chb01,chb01_03,1113,2226.0,2230.0,4.0,0,1,-1
chb01,chb01_03,1114,2228.0,2232.0,4.0,0,0,-1
chb01,chb01_03,1115,2230.0,2234.0,4.0,0,1,-1
chb01,chb01_03,1116,2232.0,2236.0,4.0,0,0,-1
chb01,chb01_03,1117,2234.0,2238.0,4.0,0,0,-1
chb01,chb01_03,1118,2236.0,2240.0,4.0,0,0,-1
chb01,chb01_03,1119,2238.0,2242.0,4.0,0,0,-1
chb01,chb01_03,1120,2240.0,2244.0,4.0,0,0,-1
chb01,chb01_03,1121,2242.0,2246.0,4.0,0,0,-1
chb01,chb01_03,1122,2244.0,2248.0,4.0,0,0,-1
chb01,chb01_03,1123,2246.0,2250.0,4.0,0,0,-1
chb01,chb01_03,1124,2248.0,2252.0,4.0,0,0,-1
chb01,chb01_03,1125,2250.0,2254.0,4.0,0,0,-1
chb01,chb01_03,1126,2252.0,2256.0,4.0,0,0,-1
chb01,chb01_03,1127,2254.0,2258.0,4.0,0,0,-1
chb01,chb01_03,1128,2256.0,2260.0,4.0,0,0,-1
chb01,chb01_03,1129,2258.0,2262.0,4.0,0,0,-1
chb01,chb01_03,1130,2260.0,2264.0,4.0,0,0,-1
chb01,chb01_03,1131,2262.0,2266.0,4.0,0,1,-1
chb01,chb01_03,1132,2264.0,2268.0,4.0,0,0,-1
chb01,chb01_03,1133,2266.0,2270.0,4.0,0,0,-1
chb01,chb01_03,1134,2268.0,2272.0,4.0,0,0,-1
chb01,chb01_03,1135,2270.0,2274.0,4.0,0,0,-1
chb01,chb01_03,1136,2272.0,2276.0,4.0,0,0,-1
chb01,chb01_03,1137,2274.0,2278.0,4.0,0,0,-1
chb01,chb01_03,1138,2276.0,2280.0,4.0,0,1,-1
chb01,chb01_03,1139,2278.0,2282.0,4.0,0,0,-1
chb01,chb01_03,1140,2280.0,2284.0,4.0,0,0,-1
chb01,chb01_03,1141,2282.0,2286.0,4.0,0,0,-1
chb01,chb01_03,1142,2284.0,2288.0,4.0,0,0,-1
chb01,chb01_03,1143,2286.0,2290.0,4.0,0,0,-1
chb01,chb01_03,1144,2288.0,2292.0,4.0,0,0,-1
chb01,chb01_03,1145,2290.0,2294.0,4.0,0,0,-1
chb01,chb01_03,1146,2292.0,2296.0,4.0,0,0,-1
chb01,chb01_03,1147,2294.0,2298.0,4.0,0,0,-1
chb01,chb01_03,1148,2296.0,2300.0,4.0,0,0,-1
chb01,chb01_03,1149,2298.0,2302.0,4.0,0,0,-1
chb01,chb01_03,1150,2300.0,2304.0,4.0,0,0,-1
chb01,chb01_03,1151,2302.0,2306.0,4.0,0,0,-1
chb01,chb01_03,1152,2304.0,2308.0,4.0,0,0,0
chb01,chb01_03,1153,2306.0,2310.0,4.0,0,0,0
chb01,chb01_03,1154,2308.0,2312.0,4.0,0,0,-1
chb01,chb01_03,1155,2310.0,2314.0,4.0,0,0,-1
chb01,chb01_03,1156,2312.0,2316.0,4.0,0,0,-1
chb01,chb01_03,1157,2314.0,2318.0,4.0,0,0,-1
chb01,chb01_03,1158,2316.0,2320.0,4.0,0,0,-1
chb01,chb01_03,1159,2318.0,2322.0,4.0,0,0,-1
chb01,chb01_03,1160,2320.0,2324.0,4.0,0,0,-1
chb01,chb01_03,1161,2322.0,2326.0,4.0,0,0,-1
chb01,chb01_03,1162,2324.0,2328.0,4.0,0,0,-1
chb01,chb01_03,1163,2326.0,2330.0,4.0,0,0,-1
chb01,chb01_03,1164,2328.0,2332.0,4.0,0,0,-1
chb01,chb01_03,1165,2330.0,2334.0,4.0,0,0,-1
chb01,chb01_03,1166,2332.0,2336.0,4.0,0,0,-1
chb01,chb01_03,1167,2334.0,2338.0,4.0,0,0,-1
chb01,chb01_03,1168,2336.0,2340.0,4.0,0,0,-1
chb01,chb01_03,1169,2338.0,2342.0,4.0,0,0,-1
chb01,chb01_03,1170,2340.0,2344.0,4.0,0,0,-1
chb01,chb01_03,1171,2342.0,2346.0,4.0,0,0,-1
chb01,chb01_03,1172,2344.0,2348.0,4.0,0,0,-1
chb01,chb01_03,1173,2346.0,2350.0,4.0,0,0,-1
chb01,chb01_03,1174,2348.0,2352.0,4.0,0,0,-1
chb01,chb01_03,1175,2350.0,2354.0,4.0,0,0,-1
chb01,chb01_03,1176,2352.0,2356.0,4.0,0,0,-1
chb01,chb01_03,1177,2354.0,2358.0,4.0,0,0,-1
chb01,chb01_03,1178,2356.0,2360.0,4.0,0,0,-1
chb01,chb01_03,1179,2358.0,2362.0,4.0,0,0,-1
chb01,chb01_03,1180,2360.0,2364.0,4.0,0,0,-1
chb01,chb01_03,1181,2362.0,2366.0,4.0,0,0,-1
chb01,chb01_03,1182,2364.0,2368.0,4.0,0,0,-1
chb01,chb01_03,1183,2366.0,2370.0,4.0,0,0,-1
chb01,chb01_03,1184,2368.0,2372.0,4.0,0,0,-1
chb01,chb01_03,1185,2370.0,2374.0,4.0,0,0,-1
chb01,chb01_03,1186,2372.0,2376.0,4.0,0,0,-1
chb01,chb01_03,1187,2374.0,2378.0,4.0,0,0,-1
chb01,chb01_03,1188,2376.0,2380.0,4.0,0,0,-1
chb01,chb01_03,1189,2378.0,2382.0,4.0,0,0,-1
chb01,chb01_03,1190,2380.0,2384.0,4.0,0,0,-1
chb01,chb01_03,1191,2382.0,2386.0,4.0,0,0,-1
chb01,chb01_03,1192,2384.0,2388.0,4.0,0,0,-1
chb01,chb01_03,1193,2386.0,2390.0,4.0,0,0,-1
chb01,chb01_03,1194,2388.0,2392.0,4.0,0,1,-1
chb01,chb01_03,1195,2390.0,2394.0,4.0,0,0,-1
chb01,chb01_03,1196,2392.0,2396.0,4.0,0,0,-1
chb01,chb01_03,1197,2394.0,2398.0,4.0,0,0,-1
chb01,chb01_03,1198,2396.0,2400.0,4.0,0,0,-1
chb01,chb01_03,1199,2398.0,2402.0,4.0,0,0,-1
chb01,chb01_03,1200,2400.0,2404.0,4.0,0,0,-1
chb01,chb01_03,1201,2402.0,2406.0,4.0,0,0,-1
chb01,chb01_03,1202,2404.0,2408.0,4.0,0,0,-1
chb01,chb01_03,1203,2406.0,2410.0,4.0,0,0,-1
chb01,chb01_03,1204,2408.0,2412.0,4.0,0,0,-1
chb01,chb01_03,1205,2410.0,2414.0,4.0,0,0,-1
chb01,chb01_03,1206,2412.0,2416.0,4.0,0,0,-1
chb01,chb01_03,1207,2414.0,2418.0,4.0,0,0,-1
chb01,chb01_03,1208,2416.0,2420.0,4.0,0,0,-1
chb01,chb01_03,1209,2418.0,2422.0,4.0,0,0,-1
chb01,chb01_03,1210,2420.0,2424.0,4.0,0,0,-1
chb01,chb01_03,1211,2422.0,2426.0,4.0,0,0,-1
chb01,chb01_03,1212,2424.0,2428.0,4.0,0,0,-1
chb01,chb01_03,1213,2426.0,2430.0,4.0,0,0,-1
chb01,chb01_03,1214,2428.0,2432.0,4.0,0,0,-1
chb01,chb01_03,1215,2430.0,2434.0,4.0,0,0,-1
chb01,chb01_03,1216,2432.0,2436.0,4.0,0,0,-1
chb01,chb01_03,1217,2434.0,2438.0,4.0,0,0,-1
chb01,chb01_03,1218,2436.0,2440.0,4.0,0,0,-1
chb01,chb01_03,1219,2438.0,2442.0,4.0,0,0,-1
chb01,chb01_03,1220,2440.0,2444.0,4.0,0,0,-1
chb01,chb01_03,1221,2442.0,2446.0,4.0,0,0,-1
chb01,chb01_03,1222,2444.0,2448.0,4.0,0,0,-1
chb01,chb01_03,1223,2446.0,2450.0,4.0,0,0,-1
chb01,chb01_03,1224,2448.0,2452.0,4.0,0,0,-1
chb01,chb01_03,1225,2450.0,2454.0,4.0,0,0,-1
chb01,chb01_03,1226,2452.0,2456.0,4.0,0,0,-1
chb01,chb01_03,1227,2454.0,2458.0,4.0,0,0,-1
chb01,chb01_03,1228,2456.0,2460.0,4.0,0,0,-1
chb01,chb01_03,1229,2458.0,2462.0,4.0,0,0,-1
chb01,chb01_03,1230,2460.0,2464.0,4.0,0,0,-1
chb01,chb01_03,1231,2462.0,2466.0,4.0,0,0,-1
chb01,chb01_03,1232,2464.0,2468.0,4.0,0,0,-1
chb01,chb01_03,1233,2466.0,2470.0,4.0,0,0,-1
chb01,chb01_03,1234,2468.0,2472.0,4.0,0,0,0
chb01,chb01_03,1235,2470.0,2474.0,4.0,0,0,-1
chb01,chb01_03,1236,2472.0,2476.0,4.0,0,0,-1
chb01,chb01_03,1237,2474.0,2478.0,4.0,0,0,-1
chb01,chb01_03,1238,2476.0,2480.0,4.0,0,0,-1
chb01,chb01_03,1239,2478.0,2482.0,4.0,0,0,0
chb01,chb01_03,1240,2480.0,2484.0,4.0,0,0,0
chb01,chb01_03,1241,2482.0,2486.0,4.0,0,0,0
chb01,chb01_03,1242,2484.0,2488.0,4.0,0,0,-1
chb01,chb01_03,1243,2486.0,2490.0,4.0,0,0,-1
chb01,chb01_03,1244,2488.0,2492.0,4.0,0,0,-1
chb01,chb01_03,1245,2490.0,2494.0,4.0,0,0,-1
chb01,chb01_03,1246,2492.0,2496.0,4.0,0,0,-1
chb01,chb01_03,1247,2494.0,2498.0,4.0,0,0,-1
chb01,chb01_03,1248,2496.0,2500.0,4.0,0,0,-1
chb01,chb01_03,1249,2498.0,2502.0,4.0,0,0,-1
chb01,chb01_03,1250,2500.0,2504.0,4.0,0,0,-1
chb01,chb01_03,1251,2502.0,2506.0,4.0,0,0,-1
chb01,chb01_03,1252,2504.0,2508.0,4.0,0,0,-1
chb01,chb01_03,1253,2506.0,2510.0,4.0,0,0,-1
chb01,chb01_03,1254,2508.0,2512.0,4.0,0,0,-1
chb01,chb01_03,1255,2510.0,2514.0,4.0,0,0,-1
chb01,chb01_03,1256,2512.0,2516.0,4.0,0,0,-1
chb01,chb01_03,1257,2514.0,2518.0,4.0,0,0,-1
chb01,chb01_03,1258,2516.0,2520.0,4.0,0,0,-1
chb01,chb01_03,1259,2518.0,2522.0,4.0,0,0,-1
chb01,chb01_03,1260,2520.0,2524.0,4.0,0,0,-1
chb01,chb01_03,1261,2522.0,2526.0,4.0,0,0,-1
chb01,chb01_03,1262,2524.0,2528.0,4.0,0,0,-1
chb01,chb01_03,1263,2526.0,2530.0,4.0,0,0,-1
chb01,chb01_03,1264,2528.0,2532.0,4.0,0,0,-1
chb01,chb01_03,1265,2530.0,2534.0,4.0,0,0,-1
chb01,chb01_03,1266,2532.0,2536.0,4.0,0,0,-1
chb01,chb01_03,1267,2534.0,2538.0,4.0,0,0,-1
chb01,chb01_03,1268,2536.0,2540.0,4.0,0,0,-1
chb01,chb01_03,1269,2538.0,2542.0,4.0,0,0,-1
chb01,chb01_03,1270,2540.0,2544.0,4.0,0,0,-1
chb01,chb01_03,1271,2542.0,2546.0,4.0,0,0,-1
chb01,chb01_03,1272,2544.0,2548.0,4.0,0,0,-1
chb01,chb01_03,1273,2546.0,2550.0,4.0,0,0,0
chb01,chb01_03,1274,2548.0,2552.0,4.0,0,0,-1
chb01,chb01_03,1275,2550.0,2554.0,4.0,0,0,-1
chb01,chb01_03,1276,2552.0,2556.0,4.0,0,0,-1
chb01,chb01_03,1277,2554.0,2558.0,4.0,0,0,-1
chb01,chb01_03,1278,2556.0,2560.0,4.0,0,0,-1
chb01,chb01_03,1279,2558.0,2562.0,4.0,0,0,-1
chb01,chb01_03,1280,2560.0,2564.0,4.0,0,0,-1
chb01,chb01_03,1281,2562.0,2566.0,4.0,0,0,-1
chb01,chb01_03,1282,2564.0,2568.0,4.0,0,0,0
chb01,chb01_03,1283,2566.0,2570.0,4.0,0,0,0
chb01,chb01_03,1284,2568.0,2572.0,4.0,0,0,-1
chb01,chb01_03,1285,2570.0,2574.0,4.0,0,0,-1
chb01,chb01_03,1286,2572.0,2576.0,4.0,0,0,-1
chb01,chb01_03,1287,2574.0,2578.0,4.0,0,0,-1
chb01,chb01_03,1288,2576.0,2580.0,4.0,0,0,-1
chb01,chb01_03,1289,2578.0,2582.0,4.0,0,0,-1
chb01,chb01_03,1290,2580.0,2584.0,4.0,0,0,0
chb01,chb01_03,1291,2582.0,2586.0,4.0,0,0,-1
chb01,chb01_03,1292,2584.0,2588.0,4.0,0,0,-1
chb01,chb01_03,1293,2586.0,2590.0,4.0,0,0,0
chb01,chb01_03,1294,2588.0,2592.0,4.0,0,0,0
chb01,chb01_03,1295,2590.0,2594.0,4.0,0,0,0
chb01,chb01_03,1296,2592.0,2596.0,4.0,0,0,-1
chb01,chb01_03,1297,2594.0,2598.0,4.0,0,0,-1
chb01,chb01_03,1298,2596.0,2600.0,4.0,0,0,-1
chb01,chb01_03,1299,2598.0,2602.0,4.0,0,0,-1
chb01,chb01_03,1300,2600.0,2604.0,4.0,0,0,-1
chb01,chb01_03,1301,2602.0,2606.0,4.0,0,0,-1
chb01,chb01_03,1302,2604.0,2608.0,4.0,0,0,-1
chb01,chb01_03,1303,2606.0,2610.0,4.0,0,0,-1
chb01,chb01_03,1304,2608.0,2612.0,4.0,0,0,-1
chb01,chb01_03,1305,2610.0,2614.0,4.0,0,0,-1
chb01,chb01_03,1306,2612.0,2616.0,4.0,0,0,-1
chb01,chb01_03,1307,2614.0,2618.0,4.0,0,0,0
chb01,chb01_03,1308,2616.0,2620.0,4.0,0,0,-1
chb01,chb01_03,1309,2618.0,2622.0,4.0,0,0,-1
chb01,chb01_03,1310,2620.0,2624.0,4.0,0,0,-1
chb01,chb01_03,1311,2622.0,2626.0,4.0,0,0,-1
chb01,chb01_03,1312,2624.0,2628.0,4.0,0,0,-1
chb01,chb01_03,1313,2626.0,2630.0,4.0,0,0,-1
chb01,chb01_03,1314,2628.0,2632.0,4.0,0,0,-1
chb01,chb01_03,1315,2630.0,2634.0,4.0,0,0,-1
chb01,chb01_03,1316,2632.0,2636.0,4.0,0,0,-1
chb01,chb01_03,1317,2634.0,2638.0,4.0,0,0,0
chb01,chb01_03,1318,2636.0,2640.0,4.0,0,0,-1
chb01,chb01_03,1319,2638.0,2642.0,4.0,0,0,-1
chb01,chb01_03,1320,2640.0,2644.0,4.0,0,0,-1
chb01,chb01_03,1321,2642.0,2646.0,4.0,0,0,-1
chb01,chb01_03,1322,2644.0,2648.0,4.0,0,0,-1
chb01,chb01_03,1323,2646.0,2650.0,4.0,0,0,-1
chb01,chb01_03,1324,2648.0,2652.0,4.0,0,0,-1
chb01,chb01_03,1325,2650.0,2654.0,4.0,0,0,-1
chb01,chb01_03,1326,2652.0,2656.0,4.0,0,0,-1
chb01,chb01_03,1327,2654.0,2658.0,4.0,0,0,-1
chb01,chb01_03,1328,2656.0,2660.0,4.0,0,0,0
chb01,chb01_03,1329,2658.0,2662.0,4.0,0,0,-1
chb01,chb01_03,1330,2660.0,2664.0,4.0,0,0,-1
chb01,chb01_03,1331,2662.0,2666.0,4.0,0,0,-1
chb01,chb01_03,1332,2664.0,2668.0,4.0,0,0,-1
chb01,chb01_03,1333,2666.0,2670.0,4.0,0,0,-1
chb01,chb01_03,1334,2668.0,2672.0,4.0,0,0,-1
chb01,chb01_03,1335,2670.0,2674.0,4.0,0,0,-1
chb01,chb01_03,1336,2672.0,2676.0,4.0,0,0,-1
chb01,chb01_03,1337,2674.0,2678.0,4.0,0,0,-1
chb01,chb01_03,1338,2676.0,2680.0,4.0,0,0,-1
chb01,chb01_03,1339,2678.0,2682.0,4.0,0,0,-1
chb01,chb01_03,1340,2680.0,2684.0,4.0,0,0,-1
chb01,chb01_03,1341,2682.0,2686.0,4.0,0,0,-1
chb01,chb01_03,1342,2684.0,2688.0,4.0,0,0,-1
chb01,chb01_03,1343,2686.0,2690.0,4.0,0,0,-1
chb01,chb01_03,1344,2688.0,2692.0,4.0,0,0,-1
chb01,chb01_03,1345,2690.0,2694.0,4.0,0,0,-1
chb01,chb01_03,1346,2692.0,2696.0,4.0,0,0,-1
chb01,chb01_03,1347,2694.0,2698.0,4.0,0,0,-1
chb01,chb01_03,1348,2696.0,2700.0,4.0,0,0,-1
chb01,chb01_03,1349,2698.0,2702.0,4.0,0,1,-1
chb01,chb01_03,1350,2700.0,2704.0,4.0,0,1,-1
chb01,chb01_03,1351,2702.0,2706.0,4.0,0,0,-1
chb01,chb01_03,1352,2704.0,2708.0,4.0,0,0,-1
chb01,chb01_03,1353,2706.0,2710.0,4.0,0,0,-1
chb01,chb01_03,1354,2708.0,2712.0,4.0,0,0,-1
chb01,chb01_03,1355,2710.0,2714.0,4.0,0,0,-1
chb01,chb01_03,1356,2712.0,2716.0,4.0,0,0,-1
chb01,chb01_03,1357,2714.0,2718.0,4.0,0,0,-1
chb01,chb01_03,1358,2716.0,2720.0,4.0,0,0,-1
chb01,chb01_03,1359,2718.0,2722.0,4.0,0,0,-1
chb01,chb01_03,1360,2720.0,2724.0,4.0,0,0,-1
chb01,chb01_03,1361,2722.0,2726.0,4.0,0,0,-1
chb01,chb01_03,1362,2724.0,2728.0,4.0,0,0,-1
chb01,chb01_03,1363,2726.0,2730.0,4.0,0,0,-1
chb01,chb01_03,1364,2728.0,2732.0,4.0,0,0,-1
chb01,chb01_03,1365,2730.0,2734.0,4.0,0,0,-1
chb01,chb01_03,1366,2732.0,2736.0,4.0,0,0,-1
chb01,chb01_03,1367,2734.0,2738.0,4.0,0,0,-1
chb01,chb01_03,1368,2736.0,2740.0,4.0,0,0,-1
chb01,chb01_03,1369,2738.0,2742.0,4.0,0,0,-1
chb01,chb01_03,1370,2740.0,2744.0,4.0,0,0,-1
chb01,chb01_03,1371,2742.0,2746.0,4.0,0,0,-1
chb01,chb01_03,1372,2744.0,2748.0,4.0,0,0,-1
chb01,chb01_03,1373,2746.0,2750.0,4.0,0,0,-1
chb01,chb01_03,1374,2748.0,2752.0,4.0,0,0,-1
chb01,chb01_03,1375,2750.0,2754.0,4.0,0,0,-1
chb01,chb01_03,1376,2752.0,2756.0,4.0,0,0,-1
chb01,chb01_03,1377,2754.0,2758.0,4.0,0,0,-1
chb01,chb01_03,1378,2756.0,2760.0,4.0,0,0,-1
chb01,chb01_03,1379,2758.0,2762.0,4.0,0,0,-1
chb01,chb01_03,1380,2760.0,2764.0,4.0,0,0,-1
chb01,chb01_03,1381,2762.0,2766.0,4.0,0,0,-1
chb01,chb01_03,1382,2764.0,2768.0,4.0,0,0,-1
chb01,chb01_03,1383,2766.0,2770.0,4.0,0,0,-1
chb01,chb01_03,1384,2768.0,2772.0,4.0,0,0,-1
chb01,chb01_03,1385,2770.0,2774.0,4.0,0,0,-1
chb01,chb01_03,1386,2772.0,2776.0,4.0,0,0,-1
chb01,chb01_03,1387,2774.0,2778.0,4.0,0,0,-1
chb01,chb01_03,1388,2776.0,2780.0,4.0,0,0,-1
chb01,chb01_03,1389,2778.0,2782.0,4.0,0,0,-1
chb01,chb01_03,1390,2780.0,2784.0,4.0,0,0,-1
chb01,chb01_03,1391,2782.0,2786.0,4.0,0,1,-1
chb01,chb01_03,1392,2784.0,2788.0,4.0,0,0,-1
chb01,chb01_03,1393,2786.0,2790.0,4.0,0,0,-1
chb01,chb01_03,1394,2788.0,2792.0,4.0,0,0,-1
chb01,chb01_03,1395,2790.0,2794.0,4.0,0,0,-1
chb01,chb01_03,1396,2792.0,2796.0,4.0,0,0,-1
chb01,chb01_03,1397,2794.0,2798.0,4.0,0,0,-1
chb01,chb01_03,1398,2796.0,2800.0,4.0,0,1,-1
chb01,chb01_03,1399,2798.0,2802.0,4.0,0,0,-1
chb01,chb01_03,1400,2800.0,2804.0,4.0,0,0,-1
chb01,chb01_03,1401,2802.0,2806.0,4.0,0,0,-1
chb01,chb01_03,1402,2804.0,2808.0,4.0,0,0,-1
chb01,chb01_03,1403,2806.0,2810.0,4.0,0,0,-1
chb01,chb01_03,1404,2808.0,2812.0,4.0,0,0,-1
chb01,chb01_03,1405,2810.0,2814.0,4.0,0,0,-1
chb01,chb01_03,1406,2812.0,2816.0,4.0,0,1,-1
chb01,chb01_03,1407,2814.0,2818.0,4.0,0,0,-1
chb01,chb01_03,1408,2816.0,2820.0,4.0,0,1,-1
chb01,chb01_03,1409,2818.0,2822.0,4.0,0,1,-1
chb01,chb01_03,1410,2820.0,2824.0,4.0,0,1,-1
chb01,chb01_03,1411,2822.0,2826.0,4.0,0,0,-1
chb01,chb01_03,1412,2824.0,2828.0,4.0,0,0,-1
chb01,chb01_03,1413,2826.0,2830.0,4.0,0,0,-1
chb01,chb01_03,1414,2828.0,2832.0,4.0,0,0,-1
chb01,chb01_03,1415,2830.0,2834.0,4.0,0,0,-1
chb01,chb01_03,1416,2832.0,2836.0,4.0,0,0,-1
chb01,chb01_03,1417,2834.0,2838.0,4.0,0,0,-1
chb01,chb01_03,1418,2836.0,2840.0,4.0,0,0,-1
chb01,chb01_03,1419,2838.0,2842.0,4.0,0,0,-1
chb01,chb01_03,1420,2840.0,2844.0,4.0,0,1,-1
chb01,chb01_03,1421,2842.0,2846.0,4.0,0,1,-1
chb01,chb01_03,1422,2844.0,2848.0,4.0,0,0,-1
chb01,chb01_03,1423,2846.0,2850.0,4.0,0,1,-1
chb01,chb01_03,1424,2848.0,2852.0,4.0,0,0,-1
chb01,chb01_03,1425,2850.0,2854.0,4.0,0,0,-1
chb01,chb01_03,1426,2852.0,2856.0,4.0,0,0,-1
chb01,chb01_03,1427,2854.0,2858.0,4.0,0,0,-1
chb01,chb01_03,1428,2856.0,2860.0,4.0,0,0,-1
chb01,chb01_03,1429,2858.0,2862.0,4.0,0,0,-1
chb01,chb01_03,1430,2860.0,2864.0,4.0,0,0,-1
chb01,chb01_03,1431,2862.0,2866.0,4.0,0,0,-1
chb01,chb01_03,1432,2864.0,2868.0,4.0,0,0,-1
chb01,chb01_03,1433,2866.0,2870.0,4.0,0,0,-1
chb01,chb01_03,1434,2868.0,2872.0,4.0,0,0,-1
chb01,chb01_03,1435,2870.0,2874.0,4.0,0,0,-1
chb01,chb01_03,1436,2872.0,2876.0,4.0,0,0,-1
chb01,chb01_03,1437,2874.0,2878.0,4.0,0,0,-1
chb01,chb01_03,1438,2876.0,2880.0,4.0,0,0,-1
chb01,chb01_03,1439,2878.0,2882.0,4.0,0,0,-1
chb01,chb01_03,1440,2880.0,2884.0,4.0,0,0,-1
chb01,chb01_03,1441,2882.0,2886.0,4.0,0,1,-1
chb01,chb01_03,1442,2884.0,2888.0,4.0,0,1,-1
chb01,chb01_03,1443,2886.0,2890.0,4.0,0,0,-1
chb01,chb01_03,1444,2888.0,2892.0,4.0,0,0,-1
chb01,chb01_03,1445,2890.0,2894.0,4.0,0,0,-1
chb01,chb01_03,1446,2892.0,2896.0,4.0,0,1,-1
chb01,chb01_03,1447,2894.0,2898.0,4.0,0,0,-1
chb01,chb01_03,1448,2896.0,2900.0,4.0,0,0,-1
chb01,chb01_03,1449,2898.0,2902.0,4.0,0,0,-1
chb01,chb01_03,1450,2900.0,2904.0,4.0,0,0,-1
chb01,chb01_03,1451,2902.0,2906.0,4.0,0,0,-1
chb01,chb01_03,1452,2904.0,2908.0,4.0,0,0,-1
chb01,chb01_03,1453,2906.0,2910.0,4.0,0,0,-1
chb01,chb01_03,1454,2908.0,2912.0,4.0,0,0,-1
chb01,chb01_03,1455,2910.0,2914.0,4.0,0,0,-1
chb01,chb01_03,1456,2912.0,2916.0,4.0,0,0,-1
chb01,chb01_03,1457,2914.0,2918.0,4.0,0,0,-1
chb01,chb01_03,1458,2916.0,2920.0,4.0,0,0,-1
chb01,chb01_03,1459,2918.0,2922.0,4.0,0,0,-1
chb01,chb01_03,1460,2920.0,2924.0,4.0,0,0,-1
chb01,chb01_03,1461,2922.0,2926.0,4.0,0,0,-1
chb01,chb01_03,1462,2924.0,2928.0,4.0,0,0,-1
chb01,chb01_03,1463,2926.0,2930.0,4.0,0,0,-1
chb01,chb01_03,1464,2928.0,2932.0,4.0,0,0,-1
chb01,chb01_03,1465,2930.0,2934.0,4.0,0,0,-1
chb01,chb01_03,1466,2932.0,2936.0,4.0,0,0,-1
chb01,chb01_03,1467,2934.0,2938.0,4.0,0,0,-1
chb01,chb01_03,1468,2936.0,2940.0,4.0,0,0,-1
chb01,chb01_03,1469,2938.0,2942.0,4.0,0,0,-1
chb01,chb01_03,1470,2940.0,2944.0,4.0,0,0,-1
chb01,chb01_03,1471,2942.0,2946.0,4.0,0,0,-1
chb01,chb01_03,1472,2944.0,2948.0,4.0,0,0,-1
chb01,chb01_03,1473,2946.0,2950.0,4.0,0,1,-1
chb01,chb01_03,1474,2948.0,2952.0,4.0,0,0,-1
chb01,chb01_03,1475,2950.0,2954.0,4.0,0,0,-1
chb01,chb01_03,1476,2952.0,2956.0,4.0,0,1,-1
chb01,chb01_03,1477,2954.0,2958.0,4.0,0,0,-1
chb01,chb01_03,1478,2956.0,2960.0,4.0,0,0,-1
chb01,chb01_03,1479,2958.0,2962.0,4.0,0,0,-1
chb01,chb01_03,1480,2960.0,2964.0,4.0,0,0,-1
chb01,chb01_03,1481,2962.0,2966.0,4.0,0,1,-1
chb01,chb01_03,1482,2964.0,2968.0,4.0,0,0,-1
chb01,chb01_03,1483,2966.0,2970.0,4.0,0,1,-1
chb01,chb01_03,1484,2968.0,2972.0,4.0,0,0,-1
chb01,chb01_03,1485,2970.0,2974.0,4.0,0,0,-1
chb01,chb01_03,1486,2972.0,2976.0,4.0,0,1,-1
chb01,chb01_03,1487,2974.0,2978.0,4.0,0,0,-1
chb01,chb01_03,1488,2976.0,2980.0,4.0,0,1,-1
chb01,chb01_03,1489,2978.0,2982.0,4.0,0,1,-1
chb01,chb01_03,1490,2980.0,2984.0,4.0,0,0,-1
chb01,chb01_03,1491,2982.0,2986.0,4.0,0,0,-1
chb01,chb01_03,1492,2984.0,2988.0,4.0,0,0,-1
chb01,chb01_03,1493,2986.0,2990.0,4.0,0,0,-1
chb01,chb01_03,1494,2988.0,2992.0,4.0,0,0,-1
chb01,chb01_03,1495,2990.0,2994.0,4.0,0,1,-1
chb01,chb01_03,1496,2992.0,2996.0,4.0,0,0,-1
chb01,chb01_03,1497,2994.0,2998.0,4.0,1,1,-1
chb01,chb01_03,1498,2996.0,3000.0,4.0,1,1,-1
chb01,chb01_03,1499,2998.0,3002.0,4.0,1,1,-1
chb01,chb01_03,1500,3000.0,3004.0,4.0,1,1,-1
chb01,chb01_03,1501,3002.0,3006.0,4.0,1,1,-1
chb01,chb01_03,1502,3004.0,3008.0,4.0,1,1,-1
chb01,chb01_03,1503,3006.0,3010.0,4.0,1,1,-1
chb01,chb01_03,1504,3008.0,3012.0,4.0,1,1,-1
chb01,chb01_03,1505,3010.0,3014.0,4.0,1,1,-1
chb01,chb01_03,1506,3012.0,3016.0,4.0,1,1,-1
chb01,chb01_03,1507,3014.0,3018.0,4.0,1,1,-1
chb01,chb01_03,1508,3016.0,3020.0,4.0,1,1,-1
chb01,chb01_03,1509,3018.0,3022.0,4.0,1,1,-1
chb01,chb01_03,1510,3020.0,3024.0,4.0,1,1,-1
chb01,chb01_03,1511,3022.0,3026.0,4.0,1,1,-1
chb01,chb01_03,1512,3024.0,3028.0,4.0,1,1,-1
chb01,chb01_03,1513,3026.0,3030.0,4.0,1,0,-1
chb01,chb01_03,1514,3028.0,3032.0,4.0,1,0,-1
chb01,chb01_03,1515,3030.0,3034.0,4.0,1,0,-1
chb01,chb01_03,1516,3032.0,3036.0,4.0,1,0,-1
chb01,chb01_03,1517,3034.0,3038.0,4.0,1,0,-1
chb01,chb01_03,1518,3036.0,3040.0,4.0,0,1,-1
chb01,chb01_03,1519,3038.0,3042.0,4.0,0,1,-1
chb01,chb01_03,1520,3040.0,3044.0,4.0,0,0,-1
chb01,chb01_03,1521,3042.0,3046.0,4.0,0,1,-1
chb01,chb01_03,1522,3044.0,3048.0,4.0,0,1,-1
chb01,chb01_03,1523,3046.0,3050.0,4.0,0,0,-1
chb01,chb01_03,1524,3048.0,3052.0,4.0,0,1,-1
chb01,chb01_03,1525,3050.0,3054.0,4.0,0,1,-1
chb01,chb01_03,1526,3052.0,3056.0,4.0,0,1,-1
chb01,chb01_03,1527,3054.0,3058.0,4.0,0,1,-1
chb01,chb01_03,1528,3056.0,3060.0,4.0,0,0,-1
chb01,chb01_03,1529,3058.0,3062.0,4.0,0,0,-1
chb01,chb01_03,1530,3060.0,3064.0,4.0,0,1,-1
chb01,chb01_03,1531,3062.0,3066.0,4.0,0,0,-1
chb01,chb01_03,1532,3064.0,3068.0,4.0,0,0,-1
chb01,chb01_03,1533,3066.0,3070.0,4.0,0,0,-1
chb01,chb01_03,1534,3068.0,3072.0,4.0,0,1,-1
chb01,chb01_03,1535,3070.0,3074.0,4.0,0,1,-1
chb01,chb01_03,1536,3072.0,3076.0,4.0,0,1,-1
chb01,chb01_03,1537,3074.0,3078.0,4.0,0,1,-1
chb01,chb01_03,1538,3076.0,3080.0,4.0,0,0,-1
chb01,chb01_03,1539,3078.0,3082.0,4.0,0,0,-1
chb01,chb01_03,1540,3080.0,3084.0,4.0,0,1,-1
chb01,chb01_03,1541,3082.0,3086.0,4.0,0,0,-1
chb01,chb01_03,1542,3084.0,3088.0,4.0,0,0,-1
chb01,chb01_03,1543,3086.0,3090.0,4.0,0,0,-1
chb01,chb01_03,1544,3088.0,3092.0,4.0,0,1,-1
chb01,chb01_03,1545,3090.0,3094.0,4.0,0,0,-1
chb01,chb01_03,1546,3092.0,3096.0,4.0,0,0,-1
chb01,chb01_03,1547,3094.0,3098.0,4.0,0,0,-1
chb01,chb01_03,1548,3096.0,3100.0,4.0,0,0,-1
chb01,chb01_03,1549,3098.0,3102.0,4.0,0,0,-1
chb01,chb01_03,1550,3100.0,3104.0,4.0,0,0,-1
chb01,chb01_03,1551,3102.0,3106.0,4.0,0,0,-1
chb01,chb01_03,1552,3104.0,3108.0,4.0,0,0,-1
chb01,chb01_03,1553,3106.0,3110.0,4.0,0,0,-1
chb01,chb01_03,1554,3108.0,3112.0,4.0,0,0,-1
chb01,chb01_03,1555,3110.0,3114.0,4.0,0,0,-1
chb01,chb01_03,1556,3112.0,3116.0,4.0,0,0,-1
chb01,chb01_03,1557,3114.0,3118.0,4.0,0,0,-1
chb01,chb01_03,1558,3116.0,3120.0,4.0,0,0,-1
chb01,chb01_03,1559,3118.0,3122.0,4.0,0,0,-1
chb01,chb01_03,1560,3120.0,3124.0,4.0,0,0,-1
chb01,chb01_03,1561,3122.0,3126.0,4.0,0,0,-1
chb01,chb01_03,1562,3124.0,3128.0,4.0,0,0,-1
chb01,chb01_03,1563,3126.0,3130.0,4.0,0,0,-1
chb01,chb01_03,1564,3128.0,3132.0,4.0,0,0,-1
chb01,chb01_03,1565,3130.0,3134.0,4.0,0,0,-1
chb01,chb01_03,1566,3132.0,3136.0,4.0,0,0,-1
chb01,chb01_03,1567,3134.0,3138.0,4.0,0,0,-1
chb01,chb01_03,1568,3136.0,3140.0,4.0,0,0,-1
chb01,chb01_03,1569,3138.0,3142.0,4.0,0,0,-1
chb01,chb01_03,1570,3140.0,3144.0,4.0,0,0,-1
chb01,chb01_03,1571,3142.0,3146.0,4.0,0,0,-1
chb01,chb01_03,1572,3144.0,3148.0,4.0,0,0,-1
chb01,chb01_03,1573,3146.0,3150.0,4.0,0,0,-1
chb01,chb01_03,1574,3148.0,3152.0,4.0,0,0,-1
chb01,chb01_03,1575,3150.0,3154.0,4.0,0,0,-1
chb01,chb01_03,1576,3152.0,3156.0,4.0,0,0,-1
chb01,chb01_03,1577,3154.0,3158.0,4.0,0,0,-1
chb01,chb01_03,1578,3156.0,3160.0,4.0,0,0,-1
chb01,chb01_03,1579,3158.0,3162.0,4.0,0,0,-1
chb01,chb01_03,1580,3160.0,3164.0,4.0,0,0,-1
chb01,chb01_03,1581,3162.0,3166.0,4.0,0,0,-1
chb01,chb01_03,1582,3164.0,3168.0,4.0,0,0,-1
chb01,chb01_03,1583,3166.0,3170.0,4.0,0,0,-1
chb01,chb01_03,1584,3168.0,3172.0,4.0,0,0,-1
chb01,chb01_03,1585,3170.0,3174.0,4.0,0,0,-1
chb01,chb01_03,1586,3172.0,3176.0,4.0,0,0,-1
chb01,chb01_03,1587,3174.0,3178.0,4.0,0,0,-1
chb01,chb01_03,1588,3176.0,3180.0,4.0,0,0,-1
chb01,chb01_03,1589,3178.0,3182.0,4.0,0,0,-1
chb01,chb01_03,1590,3180.0,3184.0,4.0,0,0,-1
chb01,chb01_03,1591,3182.0,3186.0,4.0,0,0,-1
chb01,chb01_03,1592,3184.0,3188.0,4.0,0,0,-1
chb01,chb01_03,1593,3186.0,3190.0,4.0,0,0,-1
chb01,chb01_03,1594,3188.0,3192.0,4.0,0,0,-1
chb01,chb01_03,1595,3190.0,3194.0,4.0,0,0,-1
chb01,chb01_03,1596,3192.0,3196.0,4.0,0,0,-1
chb01,chb01_03,1597,3194.0,3198.0,4.0,0,0,-1
chb01,chb01_03,1598,3196.0,3200.0,4.0,0,0,-1
chb01,chb01_03,1599,3198.0,3202.0,4.0,0,0,-1
chb01,chb01_03,1600,3200.0,3204.0,4.0,0,0,-1
chb01,chb01_03,1601,3202.0,3206.0,4.0,0,0,-1
chb01,chb01_03,1602,3204.0,3208.0,4.0,0,0,-1
chb01,chb01_03,1603,3206.0,3210.0,4.0,0,0,-1
chb01,chb01_03,1604,3208.0,3212.0,4.0,0,0,-1
chb01,chb01_03,1605,3210.0,3214.0,4.0,0,0,-1
chb01,chb01_03,1606,3212.0,3216.0,4.0,0,0,-1
chb01,chb01_03,1607,3214.0,3218.0,4.0,0,0,-1
chb01,chb01_03,1608,3216.0,3220.0,4.0,0,0,-1
chb01,chb01_03,1609,3218.0,3222.0,4.0,0,0,-1
chb01,chb01_03,1610,3220.0,3224.0,4.0,0,0,-1
chb01,chb01_03,1611,3222.0,3226.0,4.0,0,0,-1
chb01,chb01_03,1612,3224.0,3228.0,4.0,0,0,-1
chb01,chb01_03,1613,3226.0,3230.0,4.0,0,0,-1
chb01,chb01_03,1614,3228.0,3232.0,4.0,0,0,-1
chb01,chb01_03,1615,3230.0,3234.0,4.0,0,0,-1
chb01,chb01_03,1616,3232.0,3236.0,4.0,0,0,-1
chb01,chb01_03,1617,3234.0,3238.0,4.0,0,1,-1
chb01,chb01_03,1618,3236.0,3240.0,4.0,0,1,-1
chb01,chb01_03,1619,3238.0,3242.0,4.0,0,1,-1
chb01,chb01_03,1620,3240.0,3244.0,4.0,0,1,-1
chb01,chb01_03,1621,3242.0,3246.0,4.0,0,1,-1
chb01,chb01_03,1622,3244.0,3248.0,4.0,0,0,-1
chb01,chb01_03,1623,3246.0,3250.0,4.0,0,1,-1
chb01,chb01_03,1624,3248.0,3252.0,4.0,0,1,-1
chb01,chb01_03,1625,3250.0,3254.0,4.0,0,1,-1
chb01,chb01_03,1626,3252.0,3256.0,4.0,0,1,-1
chb01,chb01_03,1627,3254.0,3258.0,4.0,0,1,-1
chb01,chb01_03,1628,3256.0,3260.0,4.0,0,1,-1
chb01,chb01_03,1629,3258.0,3262.0,4.0,0,0,-1
chb01,chb01_03,1630,3260.0,3264.0,4.0,0,0,-1
chb01,chb01_03,1631,3262.0,3266.0,4.0,0,1,-1
chb01,chb01_03,1632,3264.0,3268.0,4.0,0,1,-1
chb01,chb01_03,1633,3266.0,3270.0,4.0,0,1,-1
chb01,chb01_03,1634,3268.0,3272.0,4.0,0,0,-1
chb01,chb01_03,1635,3270.0,3274.0,4.0,0,0,-1
chb01,chb01_03,1636,3272.0,3276.0,4.0,0,0,-1
chb01,chb01_03,1637,3274.0,3278.0,4.0,0,0,-1
chb01,chb01_03,1638,3276.0,3280.0,4.0,0,0,-1
chb01,chb01_03,1639,3278.0,3282.0,4.0,0,0,-1
chb01,chb01_03,1640,3280.0,3284.0,4.0,0,0,-1
chb01,chb01_03,1641,3282.0,3286.0,4.0,0,0,-1
chb01,chb01_03,1642,3284.0,3288.0,4.0,0,0,-1
chb01,chb01_03,1643,3286.0,3290.0,4.0,0,0,-1
chb01,chb01_03,1644,3288.0,3292.0,4.0,0,0,-1
chb01,chb01_03,1645,3290.0,3294.0,4.0,0,0,-1
chb01,chb01_03,1646,3292.0,3296.0,4.0,0,0,-1
chb01,chb01_03,1647,3294.0,3298.0,4.0,0,0,-1
chb01,chb01_03,1648,3296.0,3300.0,4.0,0,0,-1
chb01,chb01_03,1649,3298.0,3302.0,4.0,0,1,-1
chb01,chb01_03,1650,3300.0,3304.0,4.0,0,1,-1
chb01,chb01_03,1651,3302.0,3306.0,4.0,0,1,-1
chb01,chb01_03,1652,3304.0,3308.0,4.0,0,1,-1
chb01,chb01_03,1653,3306.0,3310.0,4.0,0,0,-1
chb01,chb01_03,1654,3308.0,3312.0,4.0,0,0,-1
chb01,chb01_03,1655,3310.0,3314.0,4.0,0,0,-1
chb01,chb01_03,1656,3312.0,3316.0,4.0,0,0,-1
chb01,chb01_03,1657,3314.0,3318.0,4.0,0,0,-1
chb01,chb01_03,1658,3316.0,3320.0,4.0,0,1,-1
chb01,chb01_03,1659,3318.0,3322.0,4.0,0,1,-1
chb01,chb01_03,1660,3320.0,3324.0,4.0,0,1,-1
chb01,chb01_03,1661,3322.0,3326.0,4.0,0,0,-1
chb01,chb01_03,1662,3324.0,3328.0,4.0,0,0,-1
chb01,chb01_03,1663,3326.0,3330.0,4.0,0,1,-1
chb01,chb01_03,1664,3328.0,3332.0,4.0,0,0,-1
chb01,chb01_03,1665,3330.0,3334.0,4.0,0,0,-1
chb01,chb01_03,1666,3332.0,3336.0,4.0,0,0,-1
chb01,chb01_03,1667,3334.0,3338.0,4.0,0,0,-1
chb01,chb01_03,1668,3336.0,3340.0,4.0,0,0,-1
chb01,chb01_03,1669,3338.0,3342.0,4.0,0,0,-1
chb01,chb01_03,1670,3340.0,3344.0,4.0,0,1,-1
chb01,chb01_03,1671,3342.0,3346.0,4.0,0,0,-1
chb01,chb01_03,1672,3344.0,3348.0,4.0,0,0,-1
chb01,chb01_03,1673,3346.0,3350.0,4.0,0,1,-1
chb01,chb01_03,1674,3348.0,3352.0,4.0,0,1,-1
chb01,chb01_03,1675,3350.0,3354.0,4.0,0,0,-1
chb01,chb01_03,1676,3352.0,3356.0,4.0,0,0,-1
chb01,chb01_03,1677,3354.0,3358.0,4.0,0,0,-1
chb01,chb01_03,1678,3356.0,3360.0,4.0,0,0,-1
chb01,chb01_03,1679,3358.0,3362.0,4.0,0,1,-1
chb01,chb01_03,1680,3360.0,3364.0,4.0,0,1,-1
chb01,chb01_03,1681,3362.0,3366.0,4.0,0,0,-1
chb01,chb01_03,1682,3364.0,3368.0,4.0,0,0,-1
chb01,chb01_03,1683,3366.0,3370.0,4.0,0,0,-1
chb01,chb01_03,1684,3368.0,3372.0,4.0,0,1,-1
chb01,chb01_03,1685,3370.0,3374.0,4.0,0,0,-1
chb01,chb01_03,1686,3372.0,3376.0,4.0,0,0,-1
chb01,chb01_03,1687,3374.0,3378.0,4.0,0,0,-1
chb01,chb01_03,1688,3376.0,3380.0,4.0,0,0,-1
chb01,chb01_03,1689,3378.0,3382.0,4.0,0,0,-1
chb01,chb01_03,1690,3380.0,3384.0,4.0,0,0,-1
chb01,chb01_03,1691,3382.0,3386.0,4.0,0,0,-1
chb01,chb01_03,1692,3384.0,3388.0,4.0,0,0,-1
chb01,chb01_03,1693,3386.0,3390.0,4.0,0,0,-1
chb01,chb01_03,1694,3388.0,3392.0,4.0,0,0,-1
chb01,chb01_03,1695,3390.0,3394.0,4.0,0,0,-1
chb01,chb01_03,1696,3392.0,3396.0,4.0,0,0,-1
chb01,chb01_03,1697,3394.0,3398.0,4.0,0,0,-1
chb01,chb01_03,1698,3396.0,3400.0,4.0,0,0,-1
chb01,chb01_03,1699,3398.0,3402.0,4.0,0,0,-1
chb01,chb01_03,1700,3400.0,3404.0,4.0,0,0,-1
chb01,chb01_03,1701,3402.0,3406.0,4.0,0,0,-1
chb01,chb01_03,1702,3404.0,3408.0,4.0,0,0,-1
chb01,chb01_03,1703,3406.0,3410.0,4.0,0,0,-1
chb01,chb01_03,1704,3408.0,3412.0,4.0,0,0,-1
chb01,chb01_03,1705,3410.0,3414.0,4.0,0,0,-1
chb01,chb01_03,1706,3412.0,3416.0,4.0,0,0,-1
chb01,chb01_03,1707,3414.0,3418.0,4.0,0,0,-1
chb01,chb01_03,1708,3416.0,3420.0,4.0,0,0,-1
chb01,chb01_03,1709,3418.0,3422.0,4.0,0,0,-1
chb01,chb01_03,1710,3420.0,3424.0,4.0,0,1,-1
chb01,chb01_03,1711,3422.0,3426.0,4.0,0,0,-1
chb01,chb01_03,1712,3424.0,3428.0,4.0,0,0,-1
chb01,chb01_03,1713,3426.0,3430.0,4.0,0,0,-1
chb01,chb01_03,1714,3428.0,3432.0,4.0,0,0,-1
chb01,chb01_03,1715,3430.0,3434.0,4.0,0,0,-1
chb01,chb01_03,1716,3432.0,3436.0,4.0,0,0,-1
chb01,chb01_03,1717,3434.0,3438.0,4.0,0,0,-1
chb01,chb01_03,1718,3436.0,3440.0,4.0,0,0,-1
chb01,chb01_03,1719,3438.0,3442.0,4.0,0,1,-1
chb01,chb01_03,1720,3440.0,3444.0,4.0,0,0,-1
chb01,chb01_03,1721,3442.0,3446.0,4.0,0,0,-1
chb01,chb01_03,1722,3444.0,3448.0,4.0,0,0,-1
chb01,chb01_03,1723,3446.0,3450.0,4.0,0,0,-1
chb01,chb01_03,1724,3448.0,3452.0,4.0,0,0,-1
chb01,chb01_03,1725,3450.0,3454.0,4.0,0,0,-1
chb01,chb01_03,1726,3452.0,3456.0,4.0,0,0,-1
chb01,chb01_03,1727,3454.0,3458.0,4.0,0,0,-1
chb01,chb01_03,1728,3456.0,3460.0,4.0,0,0,-1
chb01,chb01_03,1729,3458.0,3462.0,4.0,0,0,-1
chb01,chb01_03,1730,3460.0,3464.0,4.0,0,0,-1
chb01,chb01_03,1731,3462.0,3466.0,4.0,0,0,-1
chb01,chb01_03,1732,3464.0,3468.0,4.0,0,0,-1
chb01,chb01_03,1733,3466.0,3470.0,4.0,0,0,-1
chb01,chb01_03,1734,3468.0,3472.0,4.0,0,0,-1
chb01,chb01_03,1735,3470.0,3474.0,4.0,0,0,-1
chb01,chb01_03,1736,3472.0,3476.0,4.0,0,0,-1
chb01,chb01_03,1737,3474.0,3478.0,4.0,0,0,-1
chb01,chb01_03,1738,3476.0,3480.0,4.0,0,0,-1
chb01,chb01_03,1739,3478.0,3482.0,4.0,0,0,-1
chb01,chb01_03,1740,3480.0,3484.0,4.0,0,0,-1
chb01,chb01_03,1741,3482.0,3486.0,4.0,0,0,-1
chb01,chb01_03,1742,3484.0,3488.0,4.0,0,0,-1
chb01,chb01_03,1743,3486.0,3490.0,4.0,0,0,-1
chb01,chb01_03,1744,3488.0,3492.0,4.0,0,0,-1
chb01,chb01_03,1745,3490.0,3494.0,4.0,0,0,-1
chb01,chb01_03,1746,3492.0,3496.0,4.0,0,0,-1
chb01,chb01_03,1747,3494.0,3498.0,4.0,0,0,-1
chb01,chb01_03,1748,3496.0,3500.0,4.0,0,0,-1
chb01,chb01_03,1749,3498.0,3502.0,4.0,0,0,-1
chb01,chb01_03,1750,3500.0,3504.0,4.0,0,0,-1
chb01,chb01_03,1751,3502.0,3506.0,4.0,0,0,-1
chb01,chb01_03,1752,3504.0,3508.0,4.0,0,0,-1
chb01,chb01_03,1753,3506.0,3510.0,4.0,0,0,-1
chb01,chb01_03,1754,3508.0,3512.0,4.0,0,0,-1
chb01,chb01_03,1755,3510.0,3514.0,4.0,0,0,-1
chb01,chb01_03,1756,3512.0,3516.0,4.0,0,0,-1
chb01,chb01_03,1757,3514.0,3518.0,4.0,0,0,-1
chb01,chb01_03,1758,3516.0,3520.0,4.0,0,0,-1
chb01,chb01_03,1759,3518.0,3522.0,4.0,0,0,-1
chb01,chb01_03,1760,3520.0,3524.0,4.0,0,0,-1
chb01,chb01_03,1761,3522.0,3526.0,4.0,0,0,-1
chb01,chb01_03,1762,3524.0,3528.0,4.0,0,0,-1
chb01,chb01_03,1763,3526.0,3530.0,4.0,0,0,-1
chb01,chb01_03,1764,3528.0,3532.0,4.0,0,0,-1
chb01,chb01_03,1765,3530.0,3534.0,4.0,0,0,-1
chb01,chb01_03,1766,3532.0,3536.0,4.0,0,0,-1
chb01,chb01_03,1767,3534.0,3538.0,4.0,0,0,-1
chb01,chb01_03,1768,3536.0,3540.0,4.0,0,0,-1
chb01,chb01_03,1769,3538.0,3542.0,4.0,0,0,-1
chb01,chb01_03,1770,3540.0,3544.0,4.0,0,0,-1
chb01,chb01_03,1771,3542.0,3546.0,4.0,0,0,-1
chb01,chb01_03,1772,3544.0,3548.0,4.0,0,0,-1
chb01,chb01_03,1773,3546.0,3550.0,4.0,0,0,-1
chb01,chb01_03,1774,3548.0,3552.0,4.0,0,0,-1
chb01,chb01_03,1775,3550.0,3554.0,4.0,0,1,-1
chb01,chb01_03,1776,3552.0,3556.0,4.0,0,0,-1
chb01,chb01_03,1777,3554.0,3558.0,4.0,0,0,-1
chb01,chb01_03,1778,3556.0,3560.0,4.0,0,0,-1
chb01,chb01_03,1779,3558.0,3562.0,4.0,0,0,-1
chb01,chb01_03,1780,3560.0,3564.0,4.0,0,0,-1
chb01,chb01_03,1781,3562.0,3566.0,4.0,0,0,-1
chb01,chb01_03,1782,3564.0,3568.0,4.0,0,0,-1
chb01,chb01_03,1783,3566.0,3570.0,4.0,0,1,-1
chb01,chb01_03,1784,3568.0,3572.0,4.0,0,0,-1
chb01,chb01_03,1785,3570.0,3574.0,4.0,0,0,-1
chb01,chb01_03,1786,3572.0,3576.0,4.0,0,0,-1
chb01,chb01_03,1787,3574.0,3578.0,4.0,0,0,-1
chb01,chb01_03,1788,3576.0,3580.0,4.0,0,0,-1
chb01,chb01_03,1789,3578.0,3582.0,4.0,0,0,-1
chb01,chb01_03,1790,3580.0,3584.0,4.0,0,0,-1
chb01,chb01_03,1791,3582.0,3586.0,4.0,0,0,-1
chb01,chb01_03,1792,3584.0,3588.0,4.0,0,0,-1
chb01,chb01_03,1793,3586.0,3590.0,4.0,0,0,-1
chb01,chb01_03,1794,3588.0,3592.0,4.0,0,0,-1
chb01,chb01_03,1795,3590.0,3594.0,4.0,0,0,-1
chb01,chb01_03,1796,3592.0,3596.0,4.0,0,0,-1
chb01,chb01_03,1797,3594.0,3598.0,4.0,0,0,-1
chb01,chb01_03,1798,3596.0,3600.0,4.0,0,0,-1
