patient,record_id,n_windows,n_ictal,n_interictal,n_unknown,duration_seconds,n_seizures,channels,feature_dim,preprocessing_steps
chb01,chb01_01,899,0,899,0,3600.0,0,408,408,channel-selection -> FIR bandpass -> ICA artifact removal -> z-score normalization -> 256Hz resample -> 6s window stacking
chb01,chb01_02,899,0,899,0,3600.0,0,408,408,channel-selection -> FIR bandpass -> ICA artifact removal -> z-score normalization -> 256Hz resample -> 6s window stacking
chb01,chb01_03,883,10,873,0,3600.0,1,408,408,channel-selection -> FIR bandpass -> ICA artifact removal -> z-score normalization -> 256Hz resample -> 6s window stacking
chb01,chb01_04,883,7,876,0,3600.0,1,408,408,channel-selection -> FIR bandpass -> ICA artifact removal -> z-score normalization -> 256Hz resample -> 6s window stacking
chb01,chb01_05,899,0,899,0,3600.0,0,408,408,channel-selection -> FIR bandpass -> ICA artifact removal -> z-score normalization -> 256Hz resample -> 6s window stacking
chb01,chb01_06,899,0,899,0,3600.0,0,408,408,channel-selection -> FIR bandpass -> ICA artifact removal -> z-score normalization -> 256Hz resample -> 6s window stacking
chb01,chb01_07,899,0,899,0,3600.0,0,408,408,channel-selection -> FIR bandpass -> ICA artifact removal -> z-score normalization -> 256Hz resample -> 6s window stacking
chb01,chb01_08,899,0,899,0,3600.0,0,408,408,channel-selection -> FIR bandpass -> ICA artifact removal -> z-score normalization -> 256Hz resample -> 6s window stacking
chb01,chb01_09,899,0,899,0,3600.0,0,408,408,channel-selection -> FIR bandpass -> ICA artifact removal -> z-score normalization -> 256Hz resample -> 6s window stacking
chb01,chb01_10,899,0,899,0,3600.0,0,408,408,channel-selection -> FIR bandpass -> ICA artifact removal -> z-score normalization -> 256Hz resample -> 6s window stacking
chb01,chb01_11,899,0,899,0,3600.0,0,408,408,channel-selection -> FIR bandpass -> ICA artifact removal -> z-score normalization -> 256Hz resample -> 6s window stacking
chb01,chb01_12,899,0,899,0,3600.0,0,408,408,channel-selection -> FIR bandpass -> ICA artifact removal -> z-score normalization -> 256Hz resample -> 6s window stacking
chb01,chb01_13,899,0,899,0,3600.0,0,408,408,channel-selection -> FIR bandpass -> ICA artifact removal -> z-score normalization -> 256Hz resample -> 6s window stacking
chb01,chb01_14,899,0,899,0,3600.0,0,408,408,channel-selection -> FIR bandpass -> ICA artifact removal -> z-score normalization -> 256Hz resample -> 6s window stacking
chb01,chb01_15,883,10,873,0,3600.0,1,408,408,channel-selection -> FIR bandpass -> ICA artifact removal -> z-score normalization -> 256Hz resample -> 6s window stacking
chb01,chb01_16,883,13,870,0,3600.0,1,408,408,channel-selection -> FIR bandpass -> ICA artifact removal -> z-score normalization -> 256Hz resample -> 6s window stacking
chb01,chb01_17,899,0,899,0,3600.0,0,408,408,channel-selection -> FIR bandpass -> ICA artifact removal -> z-score normalization -> 256Hz resample -> 6s window stacking
chb01,chb01_18,883,22,861,0,3600.0,1,408,408,channel-selection -> FIR bandpass -> ICA artifact removal -> z-score normalization -> 256Hz resample -> 6s window stacking
chb01,chb01_19,899,0,899,0,3600.0,0,408,408,channel-selection -> FIR bandpass -> ICA artifact removal -> z-score normalization -> 256Hz resample -> 6s window stacking
chb01,chb01_20,665,0,665,0,2663.0,0,408,408,channel-selection -> FIR bandpass -> ICA artifact removal -> z-score normalization -> 256Hz resample -> 6s window stacking
chb01,chb01_21,883,24,859,0,3600.0,1,408,408,channel-selection -> FIR bandpass -> ICA artifact removal -> z-score normalization -> 256Hz resample -> 6s window stacking
chb01,chb01_22,899,0,899,0,3600.0,0,408,408,channel-selection -> FIR bandpass -> ICA artifact removal -> z-score normalization -> 256Hz resample -> 6s window stacking
chb01,chb01_23,899,0,899,0,3600.0,0,408,408,channel-selection -> FIR bandpass -> ICA artifact removal -> z-score normalization -> 256Hz resample -> 6s window stacking
chb01,chb01_24,899,0,899,0,3600.0,0,408,408,channel-selection -> FIR bandpass -> ICA artifact removal -> z-score normalization -> 256Hz resample -> 6s window stacking
chb01,chb01_25,899,0,899,0,3600.0,0,408,408,channel-selection -> FIR bandpass -> ICA artifact removal -> z-score normalization -> 256Hz resample -> 6s window stacking
chb01,chb01_26,564,26,538,0,2325.0,1,408,408,channel-selection -> FIR bandpass -> ICA artifact removal -> z-score normalization -> 256Hz resample -> 6s window stacking
chb01,chb01_27,149,0,149,0,600.0,0,408,408,channel-selection -> FIR bandpass -> ICA artifact removal -> z-score normalization -> 256Hz resample -> 6s window stacking
chb01,chb01_29,899,0,899,0,3600.0,0,408,408,channel-selection -> FIR bandpass -> ICA artifact removal -> z-score normalization -> 256Hz resample -> 6s window stacking
chb01,chb01_30,899,0,899,0,3600.0,0,408,408,channel-selection -> FIR bandpass -> ICA artifact removal -> z-score normalization -> 256Hz resample -> 6s window stacking
chb01,chb01_31,899,0,899,0,3600.0,0,408,408,channel-selection -> FIR bandpass -> ICA artifact removal -> z-score normalization -> 256Hz resample -> 6s window stacking
chb01,chb01_32,899,0,899,0,3600.0,0,408,408,channel-selection -> FIR bandpass -> ICA artifact removal -> z-score normalization -> 256Hz resample -> 6s window stacking
chb01,chb01_33,899,0,899,0,3600.0,0,408,408,channel-selection -> FIR bandpass -> ICA artifact removal -> z-score normalization -> 256Hz resample -> 6s window stacking
chb01,chb01_34,899,0,899,0,3600.0,0,408,408,channel-selection -> FIR bandpass -> ICA artifact removal -> z-score normalization -> 256Hz resample -> 6s window stacking
chb01,chb01_36,899,0,899,0,3600.0,0,408,408,channel-selection -> FIR bandpass -> ICA artifact removal -> z-score normalization -> 256Hz resample -> 6s window stacking
chb01,chb01_37,899,0,899,0,3600.0,0,408,408,channel-selection -> FIR bandpass -> ICA artifact removal -> z-score normalization -> 256Hz resample -> 6s window stacking
chb01,chb01_38,899,0,899,0,3600.0,0,408,408,channel-selection -> FIR bandpass -> ICA artifact removal -> z-score normalization -> 256Hz resample -> 6s window stacking
chb01,chb01_39,899,0,899,0,3600.0,0,408,408,channel-selection -> FIR bandpass -> ICA artifact removal -> z-score normalization -> 256Hz resample -> 6s window stacking
chb01,chb01_40,899,0,899,0,3600.0,0,408,408,channel-selection -> FIR bandpass -> ICA artifact removal -> z-score normalization -> 256Hz resample -> 6s window stacking
chb01,chb01_41,899,0,899,0,3600.0,0,408,408,channel-selection -> FIR bandpass -> ICA artifact removal -> z-score normalization -> 256Hz resample -> 6s window stacking
chb01,chb01_42,899,0,899,0,3600.0,0,408,408,channel-selection -> FIR bandpass -> ICA artifact removal -> z-score normalization -> 256Hz resample -> 6s window stacking
chb01,chb01_43,899,0,899,0,3600.0,0,408,408,channel-selection -> FIR bandpass -> ICA artifact removal -> z-score normalization -> 256Hz resample -> 6s window stacking
chb01,chb01_46,899,0,899,0,3600.0,0,408,408,channel-selection -> FIR bandpass -> ICA artifact removal -> z-score normalization -> 256Hz resample -> 6s window stacking
